"ID","Player","Team","Position","RkOv","Status","Opponent","FPts","FP/G","Ros","+/-"
"*06fuw*","Djordje Petrovic","BOU","G","73","FA","MCI Tue 2:30PM","299.91","8.33","59%","-1%"
"*05raa*","Hugo Bueno","WOL","D","77","W <small>(Thu)</small>","FUL Sun 10:00AM","299.48","9.08","54%","-1%"
"*06cmu*","Bart Verbruggen","BHA","G","78","W <small>(Thu)</small>","@LEE Sun 10:00AM","296.17","8.23","66%","0%"
"*04mr4*","Martin Dubravka","BUR","G","94","FA","@ARS Mon 3:00PM","276.97","7.91","29%","-2%"
"*06zbz*","Hugo Ekitike","LIV","F","95","W <small>(Thu)</small>","LIV 2<br/>@AVL 4 F","272.75","9.74","45%","-1%"
"*05os8*","Joachim Andersen","FUL","D","99","FA","@WOL Sun 10:00AM","269.2","8.16","50%","-1%"
"*04tm0*","Lucas Digne","AVL","D","106","W <small>(Thu)</small>","LIV 2<br/>@AVL 4 F","258.61","8.34","60%","-3%"
"*05uoc*","Cristian Romero","TOT","D","110","FA","@CHE Tue 3:15PM","252.8","10.99","49%","-2%"
"*03yqz*","Joe Rodon","LEE","D","118","FA","BHA Sun 10:00AM","243.54","7.38","25%","-7%"
"*06mw0*","Nikola Milenkovic","NOT","D","121","FA","@MUN Sun 7:30AM","242.45","6.73","53%","-2%"
"*04e1c*","Lewis Dunk","BHA","D","122","FA","@LEE Sun 10:00AM","241.21","7.78","31%","+4%"
"*05omu*","Ruben Dias","MCI","D","125","FA","@BOU Tue 2:30PM","237.43","9.5","73%","0%"
"*02lm7*","Jack Grealish","EVE","M","126","FA","SUN Sun 10:00AM","237.31","11.87","33%","-1%"
"*062dt*","Joao Palhinha","TOT","M","129","W <small>(Thu)</small>","@CHE Tue 3:15PM","236.33","7.62","41%","0%"
"*05o8o*","Jayden Bogle","LEE","D","131","FA","BHA Sun 10:00AM","235.7","7.14","32%","-8%"
"*044ei*","Nick Pope","NEW","G","132","FA","WHU Sun 12:30PM","235.69","9.43","69%","+4%"
"*070cj*","Noah Okafor","LEE","F","135","FA","BHA Sun 10:00AM","233.25","8.33","45%","-19%"
"*070fa*","Xavi Simons","TOT","M","148","FA","@CHE Tue 3:15PM","223.63","7.99","31%","-4%"
"*06cmb*","Guglielmo Vicario","TOT","G","152","FA","@CHE Tue 3:15PM","221.94","7.16","34%","-1%"
"*06mpp*","Mats Wieffer","BHA","M","153","FA","@LEE Sun 10:00AM","221.7","8.87","47%","-7%"
"*070gu*","Alex Jimenez","BOU","D","155","FA","MCI Tue 2:30PM","220.98","7.13","13%","-11%"
"*051kl*","Emiliano Buendia","AVL","M","158","W <small>(Thu)</small>","LIV 2<br/>@AVL 4 F","214.09","6.12","30%","+1%"
"*05oeh*","Kenny Tete","FUL","D","160","FA","@WOL Sun 10:00AM","212.61","9.66","33%","+1%"
"*05ubv*","Omari Hutchinson","NOT","F","164","FA","@MUN Sun 7:30AM","209","7.21","37%","-6%"
"*06fv8*","Mohammed Kudus","TOT","M","166","FA","@CHE Tue 3:15PM","206.54","10.87","48%","-1%"
"*06jgr*","Maxime Esteve","BUR","D","169","FA","@ARS Mon 3:00PM","202.57","6.14","9%","0%"
"*070f9*","Yeremy Pino","CRY","M","171","FA","@BRF Sun 10:00AM","202.02","6.31","35%","-3%"
"*066r9*","Ehor Yarmolyuk","BRF","M","172","FA","CRY Sun 10:00AM","199.61","5.54","11%","0%"
"*06fwz*","Murillo","NOT","D","175","FA","@MUN Sun 7:30AM","195.71","7.83","42%","-1%"
"*04qfm*","Ryan Sessegnon","FUL","M","176","FA","@WOL Sun 10:00AM","194.78","7.21","24%","-1%"
"*070f4*","Ladislav Krejci","WOL","D","180","FA","FUL Sun 10:00AM","191.48","7.36","4%","0%"
"*052ca*","Ezri Konsa","AVL","D","181","W <small>(Thu)</small>","LIV 2<br/>@AVL 4 F","191.28","5.63","34%","-1%"
"*05ts6*","Yerson Mosquera","WOL","D","182","FA","FUL Sun 10:00AM","191.23","7.65","3%","0%"
"*05gcs*","Sander Berge","FUL","M","184","FA","@WOL Sun 10:00AM","190.49","5.77","14%","-1%"
"*0689w*","Georginio Rutter","BHA","F","185","FA","@LEE Sun 10:00AM","190.25","6.34","49%","-2%"
"*06y59*","Noah Sadiki","SUN","M","186","FA","@EVE Sun 10:00AM","189.39","6.11","9%","-2%"
"*04sjt*","Alisson","LIV","G","188","W <small>(Thu)</small>","LIV 2<br/>@AVL 4 F","187.69","7.51","56%","-2%"
"*0647t*","Lucas Paqueta","WHU","M","189","FA","@NEW Sun 12:30PM","186.25","10.35","32%","0%"
"*063hu*","Amadou Onana","AVL","M","191","W <small>(Thu)</small>","LIV 2<br/>@AVL 4 F","184.48","7.69","16%","-2%"
"*06v6n*","Quilindschy Hartman","BUR","D","196","FA","@ARS Mon 3:00PM","180.35","8.59","12%","-2%"
"*068yt*","Sasa Lukic","FUL","M","197","FA","@WOL Sun 10:00AM","180.25","7.21","11%","0%"
"*06yb9*","Reinildo Isnard Mandava","SUN","D","198","FA","@EVE Sun 10:00AM","178.96","7.78","7%","-2%"
"*02lp9*","Kyle Walker","BUR","D","199","FA","@ARS Mon 3:00PM","178.73","5.26","11%","0%"
"*03rxa*","Idrissa Gueye","EVE","M","200","FA","SUN Sun 10:00AM","177.83","7.11","19%","-4%"
"*06fxu*","Ibrahim Sangare","NOT","M","201","FA","@MUN Sun 7:30AM","177.23","6.82","7%","-1%"
"*052cb*","Ian Maatsen","AVL","D","202","W <small>(Thu)</small>","LIV 2<br/>@AVL 4 F","175.75","6.06","40%","-2%"
"*03am7*","Jacob Murphy","NEW","M","203","FA","WHU Sun 12:30PM","175.75","5.67","56%","+1%"
"*06v06*","Tijjani Reijnders","MCI","M","204","W <small>(Thu)</small>","@BOU Tue 2:30PM","175.26","6.49","73%","-1%"
"*06pic*","Andre","WOL","M","206","FA","FUL Sun 10:00AM","173.98","5.27","5%","0%"
"*06eo0*","Lesley Ugochukwu","BUR","M","207","FA","@ARS Mon 3:00PM","173.43","5.26","3%","0%"
"*05uel*","Kristoffer Ajer","BRF","D","208","FA","CRY Sun 10:00AM","173.25","6.66","5%","0%"
"*06ab3*","Lewis Miley","NEW","M","209","FA","WHU Sun 12:30PM","171.83","7.47","13%","-13%"
"*05tre*","Vitaly Janelt","BRF","M","210","FA","CRY Sun 10:00AM","171.15","7.44","9%","0%"
"*062ts*","Djed Spence","TOT","D","211","FA","@CHE Tue 3:15PM","171.12","6.11","26%","-2%"
"*070hd*","Tolu Arokodare","WOL","F","212","FA","FUL Sun 10:00AM","170.25","5.49","6%","-1%"
"*070ha*","Florentino Ibrain Morris Luis","BUR","M","213","FA","@ARS Mon 3:00PM","168.65","5.82","3%","0%"
"*061va*","Boubacar Kamara","AVL","M","217","W <small>(Thu)</small>","LIV 2<br/>@AVL 4 F","161.75","8.99","7%","0%"
"*05oef*","Alphonse Areola","WHU","G","218","FA","@NEW Sun 12:30PM","161.75","8.09","8%","0%"
"*04tzt*","Jefferson Lerma","CRY","M","219","FA","@BRF Sun 10:00AM","161.68","5.58","22%","-4%"
"*070hc*","Brian Brobbey","SUN","F","220","FA","@EVE Sun 10:00AM","160.75","5.54","27%","-5%"
"*05udg*","Jose Sa","WOL","G","222","FA","FUL Sun 10:00AM","159.97","7.62","12%","-1%"
"*05w7t*","Pape Sarr","TOT","M","226","FA","@CHE Tue 3:15PM","157.47","6.56","16%","0%"
"*04ug0*","Sean Longstaff","LEE","M","227","FA","BHA Sun 10:00AM","155.77","7.08","13%","0%"
"*06mx0*","Leny Yoro","MUN","D","228","FA","NOT Sun 7:30AM","154.7","4.99","15%","-1%"
"*04sat*","Emile Smith Rowe","FUL","M","229","FA","@WOL Sun 10:00AM","153.18","4.38","31%","+1%"
"*057cr*","Kevin Danso","TOT","D","230","W <small>(Thu)</small>","@CHE Tue 3:15PM","153.18","6.96","12%","0%"
"*04hk9*","Mikel Merino","ARS","M","232","FA","BUR Mon 3:00PM","152.18","7.25","19%","0%"
"*062h7*","Tyler Adams","BOU","M","234","FA","MCI Tue 2:30PM","151.71","6.6","8%","0%"
"*04tig*","Fabian Schar","NEW","D","235","FA","WHU Sun 12:30PM","150.73","9.42","28%","0%"
"*03pif*","Karl Darlow","LEE","G","238","FA","BHA Sun 10:00AM","149.72","7.49","18%","-12%"
"*06mga*","Mads Hermansen","WHU","G","239","FA","@NEW Sun 12:30PM","149.7","9.36","29%","-7%"
"*03dx3*","Kieran Trippier","NEW","D","240","FA","WHU Sun 12:30PM","149.47","7.47","33%","-1%"
"*070ci*","Amine Adli","BOU","F","241","FA","MCI Tue 2:30PM","149","4.97","7%","0%"
"*0524k*","Rodri","MCI","M","242","FA","@BOU Tue 2:30PM","148.59","7.43","75%","-3%"
"*03hff*","Josh Cullen","BUR","M","243","FA","@ARS Mon 3:00PM","147.58","8.2","16%","0%"
"*04rh9*","David Brooks","BOU","M","246","FA","MCI Tue 2:30PM","144.45","4.81","8%","0%"
"*068n8*","Noni Madueke","ARS","M","248","FA","BUR Mon 3:00PM","142.78","5.71","66%","-3%"
"*070bg*","Jackson Tchatchoua","WOL","D","249","FA","FUL Sun 10:00AM","142.66","4.6","2%","0%"
"*04lnu*","Lukas Nmecha","LEE","F","252","FA","BHA Sun 10:00AM","138.25","4.77","8%","0%"
"*02lk5*","Jordan Henderson","BRF","M","253","FA","CRY Sun 10:00AM","137.71","4.59","5%","0%"
"*05t6y*","Hannibal Mejbri","BUR","M","254","FA","@ARS Mon 3:00PM","135.73","5.43","2%","0%"
"*05t6z*","Tim Iroegbunam","EVE","M","255","FA","SUN Sun 10:00AM","134.6","4.99","2%","0%"
"*03dyx*","Josh Laurent","BUR","M","256","FA","@ARS Mon 3:00PM","134.33","4.2","1%","0%"
"*03r8x*","Callum Wilson","WHU","F","258","FA","@NEW Sun 12:30PM","130","4.33","12%","0%"
"*06p4k*","Matthijs de Ligt","MUN","D","259","FA","NOT Sun 7:30AM","129.99","10","24%","-1%"
"*06crm*","Pau Torres","AVL","D","261","W <small>(Thu)</small>","LIV 2<br/>@AVL 4 F","127.9","6.4","7%","-1%"
"*06yxe*","Estevao Willian Almeida de Oliveira Goncalves","CHE","F","262","FA","TOT Tue 3:15PM","127.25","5.78","36%","-1%"
"*061ve*","Ryan Christie","BOU","M","263","FA","MCI Tue 2:30PM","127.09","4.89","15%","-1%"
"*070hb*","Jaydee Canvot","CRY","D","264","FA","@BRF Sun 10:00AM","127.02","6.69","32%","-2%"
"*05s08*","Valentino Livramento","NEW","D","266","FA","WHU Sun 12:30PM","124.95","7.35","42%","-1%"
"*06c4h*","Hjalmar Ekdal","BUR","D","268","FA","@ARS Mon 3:00PM","124.49","6.55","2%","0%"
"*070ho*","Lutsharel Geertruida","SUN","D","269","FA","@EVE Sun 10:00AM","124.44","4.79","1%","0%"
"*06fxv*","Jean-Ricner Bellegarde","WOL","M","270","FA","FUL Sun 10:00AM","124.26","4.97","12%","0%"
"*06ybq*","Chemsdine Talbi","SUN","F","271","FA","@EVE Sun 10:00AM","123.5","4.57","7%","-1%"
"*051k3*","Jacob Ramsey","NEW","M","273","FA","WHU Sun 12:30PM","123.29","4.74","10%","-1%"
"*06jh3*","Joshua King","FUL","M","275","FA","@WOL Sun 10:00AM","120.09","4","4%","0%"
"*066sh*","Bashir Humphreys","BUR","D","276","FA","@ARS Mon 3:00PM","119.99","6.67","1%","0%"
"*02oq8*","James Ward-Prowse","BUR","M","277","W <small>(Thu)</small>","@ARS Mon 3:00PM","118.32","7.4","31%","-6%"
"*03zsq*","Kyle Walker-Peters","WHU","D","278","FA","@NEW Sun 12:30PM","116.8","5.31","8%","-5%"
"*05mxa*","Joel Veltman","BHA","D","279","FA","@LEE Sun 10:00AM","115.93","5.04","2%","0%"
"*06zna*","Dan Ndoye","NOT","F","280","FA","@MUN Sun 7:30AM","115.5","4.81","18%","0%"
"*04spp*","Douglas Luiz","AVL","M","281","W <small>(Thu)</small>","LIV 2<br/>@AVL 4 F","114.47","5.72","11%","-1%"
"*052h5*","Gabriel Martinelli","ARS","M","282","FA","BUR Mon 3:00PM","114.28","4.08","45%","-1%"
"*06fhy*","Wilson Odobert","TOT","F","283","FA","@CHE Tue 3:15PM","113.75","4.74","5%","0%"
"*04f6o*","Will Hughes","CRY","M","285","FA","@BRF Sun 10:00AM","112.28","3.74","2%","0%"
"*06fy7*","Nicolas Dominguez","NOT","M","286","FA","@MUN Sun 7:30AM","111.08","4.44","2%","0%"
"*06v01*","Ilia Gruev","LEE","M","289","FA","BHA Sun 10:00AM","109.38","4.76","1%","0%"
"*06c4o*","Lyle Foster","BUR","F","292","FA","@ARS Mon 3:00PM","106.5","4.1","6%","0%"
"*06v0t*","Wilson Isidor","SUN","F","293","FA","@EVE Sun 10:00AM","105.75","3.52","11%","0%"
"*05y7c*","Archie Gray","TOT","M","294","FA","@CHE Tue 3:15PM","105.21","4.57","4%","0%"
"*05ye7*","Oscar Bobb","FUL","M","295","FA","@WOL Sun 10:00AM","104.62","4.98","21%","-1%"
"*04e1e*","Ben White","ARS","D","296","FA","BUR Mon 3:00PM","104.4","8.7","70%","-1%"
"*06fwi*","Carlos Baleba","BHA","M","297","FA","@LEE Sun 10:00AM","103.88","3.58","20%","+1%"
"*05tqz*","Rico Henry","BRF","D","298","FA","CRY Sun 10:00AM","103.74","4.15","2%","0%"
"*06y29*","Habib Diarra","SUN","M","300","FA","@EVE Sun 10:00AM","100.39","5.58","9%","-4%"
"*06onx*","Jean-Clair Todibo","WHU","D","301","FA","@NEW Sun 12:30PM","100.36","4.56","1%","0%"
"*03rec*","Tyrone Mings","AVL","D","303","W <small>(Thu)</small>","LIV 2<br/>@AVL 4 F","99.66","6.23","12%","-1%"
"*05uhj*","Conor Bradley","LIV","D","304","W <small>(Thu)</small>","LIV 2<br/>@AVL 4 F","99.05","6.6","21%","0%"
"*06y26*","Olivier Boscagli","BHA","D","305","FA","@LEE Sun 10:00AM","98.98","8.25","10%","-3%"
"*044w8*","Marcus Edwards","BUR","F","306","FA","@ARS Mon 3:00PM","98.75","4.49","8%","0%"
"*06y27*","Loum Tchaouna","BUR","F","308","FA","@ARS Mon 3:00PM","98.25","3.64","7%","+1%"
"*043qy*","Lewis Cook","BOU","M","309","FA","MCI Tue 2:30PM","97.76","6.11","12%","0%"
"*0700u*","Bafode Diakite","BOU","D","310","FA","MCI Tue 2:30PM","97.54","5.42","5%","0%"
"*05ogb*","Anthony Elanga","NEW","F","311","FA","WHU Sun 12:30PM","97","3.23","36%","-1%"
"*05y5b*","Freddie Potts","WHU","M","312","FA","@NEW Sun 12:30PM","96.24","4.37","1%","0%"
"*06zce*","Jhon Arias","WOL","M","313","FA","FUL Sun 10:00AM","95.95","4.17","12%","0%"
"*052cd*","Mason Mount","MUN","M","314","FA","NOT Sun 7:30AM","94.57","4.5","17%","0%"
"*06uzn*","Lucas Pires","BUR","D","315","FA","@ARS Mon 3:00PM","94.49","5.25","1%","0%"
"*06pib*","Manuel Ugarte","MUN","M","316","FA","NOT Sun 7:30AM","94.15","4.28","3%","0%"
"*06clt*","Justin Kluivert","BOU","M","317","FA","MCI Tue 2:30PM","94.08","5.23","35%","+1%"
"*04yey*","Max Kilman","WHU","D","318","FA","@NEW Sun 12:30PM","92.99","4.43","19%","0%"
"*06mvz*","Savio","MCI","M","319","FA","@BOU Tue 2:30PM","91.56","4.16","36%","+4%"
"*06r7k*","Emmanuel Agbadou","WOL","D","320","FA","FUL Sun 10:00AM","91.5","6.54","2%","0%"
"*06mn7*","Lucas Bergvall","TOT","M","321","FA","@CHE Tue 3:15PM","91.35","3.97","7%","0%"
"*04ge7*","Donyell Malen","AVL","F","322","W <small>(Thu)</small>","LIV 2<br/>@AVL 4 F","91.25","4.35","13%","0%"
"*05yg5*","Toti","WOL","D","323","FA","FUL Sun 10:00AM","90.74","5.04","2%","0%"
"*06p5s*","Brajan Gruda","BHA","M","324","FA","@LEE Sun 10:00AM","90.7","5.04","13%","0%"
"*06zwj*","Evann Guessand","CRY","F","325","FA","@BRF Sun 10:00AM","89.75","4.72","6%","0%"
"*06mn8*","Rodrigo Gomes","WOL","M","326","FA","FUL Sun 10:00AM","89.71","4.49","1%","0%"
"*06rma*","Marshall Munetsi","WOL","M","328","FA","FUL Sun 10:00AM","89.5","6.88","9%","0%"
"*070g8*","Nicolo Savona","NOT","D","329","FA","@MUN Sun 7:30AM","89.48","6.39","1%","0%"
"*04gw7*","Jadon Sancho","AVL","M","330","W <small>(Thu)</small>","LIV 2<br/>@AVL 4 F","87.95","3.82","7%","-4%"
"*070g9*","Soungoutou Magassa","WHU","M","331","FA","@NEW Sun 12:30PM","87.8","3.99","0%","0%"
"*05l27*","Jarrad Branthwaite","EVE","D","332","FA","SUN Sun 10:00AM","87.51","8.75","23%","-1%"
"*06pig*","Morato","NOT","D","333","FA","@MUN Sun 7:30AM","87.04","4.58","1%","0%"
"*03yeg*","Tosin Adarabioyo","CHE","D","334","FA","TOT Tue 3:15PM","86.38","5.4","7%","-3%"
"*062pl*","Lisandro Martinez","MUN","D","335","FA","NOT Sun 7:30AM","86.28","5.39","11%","+2%"
"*02lp5*","Adam Smith","BOU","D","337","FA","MCI Tue 2:30PM","85.57","4.28","2%","+1%"
"*06ew2*","Axel Disasi","WHU","D","339","FA","@NEW Sun 12:30PM","84.72","7.06","9%","-2%"
"*06nyw*","Jorge Cuenca","FUL","D","340","FA","@WOL Sun 10:00AM","84.49","6.03","1%","0%"
"*068a0*","Andrey Santos","CHE","M","341","FA","TOT Tue 3:15PM","84.48","3.25","2%","0%"
"*04rzl*","Taiwo Awoniyi","NOT","F","342","FA","@MUN Sun 7:30AM","84","5.6","20%","+1%"
"*05w91*","Hwang Hee-Chan","WOL","F","343","FA","FUL Sun 10:00AM","84","3.5","3%","0%"
"*04ym7*","Lucas Perri","LEE","G","344","FA","BHA Sun 10:00AM","83.48","5.22","3%","0%"
"*06mve*","Joshua Zirkzee","MUN","F","345","FA","NOT Sun 7:30AM","80","3.64","14%","0%"
"*06kqy*","Ayden Heaven","MUN","D","347","FA","NOT Sun 7:30AM","75.87","4.46","4%","-2%"
"*04ge6*","Joe Willock","NEW","M","348","FA","WHU Sun 12:30PM","75.8","3.45","2%","-1%"
"*06xzd*","Charalampos Kostoulas","BHA","F","349","FA","@LEE Sun 10:00AM","75","3.95","3%","0%"
"*02m5b*","Chris Wood","NOT","F","350","FA","@MUN Sun 7:30AM","72.5","5.58","62%","-8%"
"*063y7*","Destiny Udogie","TOT","D","351","FA","@CHE Tue 3:15PM","72.45","4.02","18%","0%"
"*05gvx*","Armando Broja","BUR","F","352","FA","@ARS Mon 3:00PM","72","3","2%","0%"
"*035n1*","Bertrand Traore","SUN","M","353","FA","@EVE Sun 10:00AM","71.8","5.98","1%","0%"
"*05oig*","Liam Delap","CHE","F","354","FA","TOT Tue 3:15PM","71.25","2.74","32%","-1%"
"*06635*","Oliver Scarles","WHU","D","355","FA","@NEW Sun 12:30PM","70.42","5.42","1%","0%"
"*06dwm*","Jacob Bruun Larsen","BUR","F","357","FA","@ARS Mon 3:00PM","68.25","2.62","1%","0%"
"*06kwp*","Josh Acheampong","CHE","D","358","FA","TOT Tue 3:15PM","68.09","4.54","4%","0%"
"*02xtd*","Sam Johnstone","WOL","G","359","FA","FUL Sun 10:00AM","67.25","5.6","1%","0%"
"*02lv9*","James Milner","BHA","M","360","FA","@LEE Sun 10:00AM","66.28","3.49","1%","0%"
"*06zqq*","Jorrel Hato","CHE","D","361","FA","TOT Tue 3:15PM","66.27","3.31","5%","0%"
"*061y6*","Ryan Yates","NOT","M","362","FA","@MUN Sun 7:30AM","65.92","3.14","1%","0%"
"*03r93*","Joseph Gomez","LIV","D","363","W <small>(Thu)</small>","LIV 2<br/>@AVL 4 F","64.52","3.23","3%","+1%"
"*04amh*","Aaron Ramsdale","NEW","G","364","FA","WHU Sun 12:30PM","63.99","5.33","9%","-1%"
"*06v0l*","Chris Rigg","SUN","M","365","FA","@EVE Sun 10:00AM","63.86","3.99","2%","-1%"
"*0687c*","Carlos Alcaraz","EVE","M","366","FA","SUN Sun 10:00AM","62.73","3.3","23%","0%"
"*06zqk*","David Moller Wolfe","WOL","D","367","FA","FUL Sun 10:00AM","62","3.1","1%","0%"
"*06y9n*","Jamie Gittens","CHE","F","369","FA","TOT Tue 3:15PM","61.5","3.84","24%","0%"
"*070hn*","Dilane Bakwa","NOT","F","370","FA","@MUN Sun 7:30AM","60.75","4.67","3%","0%"
"*04ge9*","Eddie Nketiah","CRY","F","371","FA","@BRF Sun 10:00AM","60.5","5.04","3%","0%"
"*03ar4*","Adam Armstrong","WOL","F","372","FA","FUL Sun 10:00AM","59.5","4.96","5%","-1%"
"*064a0*","Wilfried Gnonto","LEE","F","374","FA","BHA Sun 10:00AM","59","2.81","13%","0%"
"*03xrs*","Axel Tuanzebe","BUR","D","375","FA","@ARS Mon 3:00PM","58.24","4.85","1%","0%"
"*0626q*","Simon Adingra","SUN","M","376","FA","@EVE Sun 10:00AM","57.36","4.1","23%","0%"
"*06phw*","Federico Chiesa","LIV","F","377","W <small>(Thu)</small>","LIV 2<br/>@AVL 4 F","57.25","2.2","4%","0%"
"*06v0s*","Eliezer Mayenda","SUN","F","378","FA","@EVE Sun 10:00AM","56.25","2.81","15%","0%"
"*06kx1*","Justin Devenny","CRY","M","379","FA","@BRF Sun 10:00AM","55.68","2.78","2%","0%"
"*045c8*","Gabriel Jesus","ARS","F","381","FA","BUR Mon 3:00PM","49.5","3.81","9%","-1%"
"*061xw*","Joe Worrall","BUR","D","382","FA","@ARS Mon 3:00PM","49.22","4.47","0%","0%"
"*05r4h*","Lamare Bogarde","AVL","D","383","W <small>(Thu)</small>","LIV 2<br/>@AVL 4 F","48.77","1.81","1%","0%"
"*06ime*","Radu Dragusin","TOT","D","384","FA","@CHE Tue 3:15PM","48.58","5.4","1%","0%"
"*03yr0*","Daniel James","LEE","M","385","FA","BHA Sun 10:00AM","48.09","2.83","18%","0%"
"*02m11*","Matt Doherty","WOL","D","386","FA","FUL Sun 10:00AM","48","4.36","1%","0%"
"*0328q*","Tom Cairney","FUL","M","387","FA","@WOL Sun 10:00AM","47.09","2.05","1%","0%"
"*04yjx*","Ki-Jana Hoever","WOL","D","388","FA","FUL Sun 10:00AM","46","5.75","1%","0%"
"*05uns*","Leon Bailey","AVL","M","389","W <small>(Thu)</small>","LIV 2<br/>@AVL 4 F","45.16","3.76","2%","0%"
"*062og*","Aaron Hickey","BRF","D","391","FA","CRY Sun 10:00AM","42.6","2.13","0%","0%"
"*06ymt*","Marco Bizot","AVL","G","392","W <small>(Thu)</small>","LIV 2<br/>@AVL 4 F","42.24","7.04","2%","0%"
"*04fk8*","Victor Lindelof","AVL","D","393","W <small>(Thu)</small>","LIV 2<br/>@AVL 4 F","41.54","2.6","1%","0%"
"*06onv*","Harrison Armstrong","EVE","M","394","FA","SUN Sun 10:00AM","40.51","3.38","1%","0%"
"*0410j*","Tammy Abraham","AVL","F","395","W <small>(Thu)</small>","LIV 2<br/>@AVL 4 F","39.25","3.27","14%","-5%"
"*062x7*","Rico Lewis","MCI","D","396","FA","@BOU Tue 2:30PM","38.59","3.86","6%","0%"
"*02t1k*","Nathaniel Clyne","CRY","D","397","FA","@BRF Sun 10:00AM","36.7","4.08","1%","0%"
"*06y28*","Sebastiaan Bornauw","LEE","D","399","FA","BHA Sun 10:00AM","35.53","3.55","0%","0%"
"*05tr1*","Ethan Pinnock","BRF","D","400","FA","CRY Sun 10:00AM","35.24","8.81","3%","0%"
"*05yct*","Nathan Patterson","EVE","D","401","FA","SUN Sun 10:00AM","35.04","5.01","1%","0%"
"*06zbp*","Max Dowman","ARS","M","402","FA","BUR Mon 3:00PM","34.84","6.97","5%","0%"
"*06195*","Tyler Dibling","EVE","M","403","FA","SUN Sun 10:00AM","34.76","2.48","2%","0%"
"*070h9*","Veljko Milosavljevic","BOU","D","404","FA","MCI Tue 2:30PM","34.74","4.96","0%","0%"
"*05uor*","Yoane Wissa","NEW","F","405","FA","WHU Sun 12:30PM","34.5","2.03","45%","-1%"
"*05oz3*","James Trafford","MCI","G","406","FA","@BOU Tue 2:30PM","34.24","11.41","21%","0%"
"*06mnn*","Chadi Riad","CRY","D","407","FA","@BRF Sun 10:00AM","32.98","4.71","2%","0%"
"*06o2t*","Niclas Fullkrug","WHU","F","408","FA","@NEW Sun 12:30PM","32.25","4.03","13%","0%"
"*04qos*","Issa Diop","FUL","D","409","FA","@WOL Sun 10:00AM","32.08","2.92","1%","+1%"
"*072zp*","Melker Ellborg","SUN","G","410","FA","@EVE Sun 10:00AM","31.99","10.66","2%","0%"
"*043c1*","Oleksandr Zinchenko","NOT","D","411","FA","@MUN Sun 7:30AM","30.25","6.05","1%","0%"
"*06xzc*","Stefanos Tzimas","BHA","F","412","FA","@LEE Sun 10:00AM","29.75","3.31","1%","0%"
"*06ygm*","Jair Paula da Cunha Filho","NOT","D","413","FA","@MUN Sun 7:30AM","29.51","4.22","1%","0%"
"*02oo1*","Ben Davies","TOT","D","414","FA","@CHE Tue 3:15PM","28.75","9.58","1%","0%"
"*06fx0*","Altay Bayindir","MUN","G","415","FA","NOT Sun 7:30AM","28.25","4.71","2%","0%"
"*06804*","Benoit Badiashile","CHE","D","416","FA","TOT Tue 3:15PM","28.25","3.53","1%","0%"
"*04qfq*","Matt O'Riley","BHA","M","417","FA","@LEE Sun 10:00AM","28.02","4.67","15%","0%"
"*072zs*","Nilson Angulo","SUN","F","418","FA","@EVE Sun 10:00AM","27.25","4.54","2%","0%"
"*06r6s*","Antonin Kinsky","TOT","G","419","FA","@CHE Tue 3:15PM","26.74","5.35","9%","0%"
"*05g4d*","Dennis Cirkin","SUN","D","420","FA","@EVE Sun 10:00AM","26.49","3.31","1%","0%"
"*05uhs*","James Mcatee","NOT","M","421","FA","@MUN Sun 7:30AM","26.27","2.19","3%","-1%"
"*05unu*","Romeo Lavia","CHE","M","422","FA","TOT Tue 3:15PM","24.89","2.07","2%","-1%"
"*04d9r*","Angel Gomes","WOL","M","423","FA","FUL Sun 10:00AM","24.62","2.24","2%","0%"
"*06nv3*","Filip Jorgensen","CHE","G","424","FA","TOT Tue 3:15PM","24","4.8","3%","0%"
"*072zr*","Luca Netz","NOT","D","425","FA","@MUN Sun 7:30AM","23.53","4.71","1%","0%"
"*03u2b*","Adama Traore","WHU","F","426","FA","@NEW Sun 12:30PM","23.5","0.98","9%","0%"
"*02yl5*","John Stones","MCI","D","427","FA","@BOU Tue 2:30PM","23.43","2.93","4%","0%"
"*04spq*","Jack Harrison","LEE","M","428","FA","BHA Sun 10:00AM","22.96","2.09","3%","0%"
"*04ge8*","Reiss Nelson","BRF","F","430","FA","CRY Sun 10:00AM","22.25","2.47","9%","0%"
"*06mrz*","Pedro Lima","WOL","D","429","W <small>(Thu)</small>","FUL Sun 10:00AM","22.25","3.18","1%","0%"
"*06l4i*","Tyrique George","EVE","F","431","FA","SUN Sun 10:00AM","21.5","1.65","2%","0%"
"*05udw*","Romaine Mundle","SUN","F","432","FA","@EVE Sun 10:00AM","21.5","1.54","0%","0%"
"*06uzl*","Oliver Sonne","BUR","D","433","FA","@ARS Mon 3:00PM","21.4","3.06","0%","0%"
"*062cw*","Stefan Ortega","NOT","G","434","FA","@MUN Sun 7:30AM","21.24","7.08","2%","0%"
"*03sbh*","Enes Unal","BOU","F","435","FA","MCI Tue 2:30PM","20.75","0.99","0%","0%"
"*06mnm*","Marc Guiu","CHE","F","437","FA","TOT Tue 3:15PM","20","2","3%","0%"
"*067x6*","Max Alleyne","MCI","D","436","FA","@BOU Tue 2:30PM","20","10","1%","0%"
"*06uyd*","Diego Coppola","BHA","D","438","FA","@LEE Sun 10:00AM","19.99","4","0%","0%"
"*037mt*","Harrison Reed","FUL","M","439","FA","@WOL Sun 10:00AM","19.26","2.75","0%","0%"
"*06fso*","Wataru Endo","LIV","M","440","W <small>(Thu)</small>","LIV 2<br/>@AVL 4 F","18.77","2.35","1%","0%"
"*03m5i*","Freddie Woodman","LIV","G","441","W <small>(Thu)</small>","LIV 2<br/>@AVL 4 F","17.75","5.92","6%","-5%"
"*06v12*","Fer Lopez","WOL","F","442","FA","FUL Sun 10:00AM","17.5","1.94","4%","0%"
"*072r2*","Lorenzo Lucca","NOT","F","443","FA","@MUN Sun 7:30AM","17","4.25","2%","0%"
"*05ue7*","Frank Onyeka","BRF","M","444","FA","CRY Sun 10:00AM","16.98","2.83","0%","0%"
"*06v0m*","Luke O'Nien","SUN","M","445","FA","@EVE Sun 10:00AM","16.53","1.65","1%","0%"
"*070hh*","Christantus Uche","CRY","M","446","FA","@BRF Sun 10:00AM","16.06","1.15","0%","0%"
"*06xze*","Walter Benitez","CRY","G","447","FA","@BRF Sun 10:00AM","15.24","15.24","1%","0%"
"*04u41*","Mateo Kovacic","MCI","M","448","FA","@BOU Tue 2:30PM","14.01","3.5","2%","0%"
"*05ojf*","Fabio Carvalho","BRF","M","449","FA","CRY Sun 10:00AM","13.5","2.25","4%","0%"
"*066nn*","Ben Doak","BOU","F","451","FA","MCI Tue 2:30PM","13.25","1.89","1%","0%"
"*06442*","Zach Abbott","NOT","D","450","FA","@MUN Sun 7:30AM","13.25","4.42","0%","0%"
"*062p5*","Levi Colwill","CHE","D","452","FA","TOT Tue 3:15PM","12.75","6.38","19%","+3%"
"*045yy*","Arthur Masuaku","SUN","D","453","FA","@EVE Sun 10:00AM","12.36","4.12","0%","0%"
"*02lo6*","Daniel Bentley","WOL","G","454","FA","FUL Sun 10:00AM","12.25","4.08","1%","0%"
"*06kyx*","Andy Irving","WHU","M","455","FA","@NEW Sun 12:30PM","12.16","1.74","0%","0%"
"*06qvu*","Tom Edozie","WOL","F","456","FA","FUL Sun 10:00AM","12","4","0%","0%"
"*070gt*","John Victor Maciel Furtado","NOT","G","457","FA","@MUN Sun 7:30AM","11.99","2.4","1%","0%"
"*06qwj*","Ezra Mayers","WHU","D","458","FA","@NEW Sun 12:30PM","11.75","1.96","0%","0%"
"*072pc*","Alex Toth","BOU","M","459","FA","MCI Tue 2:30PM","10.29","1.29","1%","0%"
"*06v02*","Joel Piroe","LEE","F","460","FA","BHA Sun 10:00AM","10","0.71","15%","0%"
"*072py*","Joao Victor de Souza Menezes","TOT","D","461","FA","@CHE Tue 3:15PM","10","2.5","1%","0%"
"*06v6m*","Max Weiss","BUR","G","463","FA","@ARS Mon 3:00PM","9.5","9.5","1%","0%"
"*06xzb*","Romelle Donovan","BRF","M","462","FA","CRY Sun 10:00AM","9.5","2.38","0%","0%"
"*06v0f*","Jenson Seelt","SUN","D","464","FA","@EVE Sun 10:00AM","9.21","4.61","0%","0%"
"*06yey*","Borna Sosa","CRY","D","465","FA","@BRF Sun 10:00AM","8.57","1.22","1%","0%"
"*068yr*","Hamed Traore","BOU","M","466","FA","MCI Tue 2:30PM","8.25","8.25","1%","0%"
"*06mul*","Jack Fletcher","MUN","M","467","FA","NOT Sun 7:30AM","8.25","2.75","0%","0%"
"*0703h*","Arnaud Kalimuendo","NOT","F","468","FA","@MUN Sun 7:30AM","7","0.78","0%","0%"
"*065ao*","Ethan Nwaneri","ARS","M","469","FA","BUR Mon 3:00PM","6.96","1.16","14%","0%"
"*0738b*","Jesse Derry","CHE","F","470","FA","TOT Tue 3:15PM","6.75","6.75","2%","-6%"
"*04xjr*","Harvey Elliott","AVL","M","471","W <small>(Thu)</small>","LIV 2<br/>@AVL 4 F","5.95","1.19","8%","0%"
"*06eka*","Igor Julio","BHA","D","472","FA","@LEE Sun 10:00AM","5.75","1.44","0%","0%"
"*06pez*","Mohamadou Kante","WHU","M","473","FA","@NEW Sun 12:30PM","5.38","0.6","0%","0%"
"*05tr8*","Christian Norgaard","ARS","M","474","FA","BUR Mon 3:00PM","5.26","0.88","7%","0%"
"*06v0c*","Shea Lacey","MUN","F","475","FA","NOT Sun 7:30AM","4.75","2.38","0%","0%"
"*06oav*","Guido Rodriguez","WHU","M","476","FA","@NEW Sun 12:30PM","4","0.67","0%","0%"
"*067yu*","Facundo Buonanotte","LEE","M","477","FA","BHA Sun 10:00AM","3.75","1.25","2%","0%"
"*072j3*","Alysson Edward Franco da Rocha dos Santos","AVL","F","478","W <small>(Thu)</small>","LIV 2<br/>@AVL 4 F","3.75","1.25","1%","0%"
"*03dxr*","Ashley Barnes","BUR","F","479","FA","@ARS Mon 3:00PM","3.5","0.58","0%","0%"
"*06uzv*","Dario Essugo","CHE","M","480","FA","TOT Tue 3:15PM","3.25","1.62","1%","0%"
"*06mgp*","Luis Guilherme","WHU","M","481","FA","@NEW Sun 12:30PM","3.25","0.65","0%","0%"
"*06fy5*","Mike Tresor","BUR","F","482","FA","@ARS Mon 3:00PM","3.25","0.54","0%","0%"
"*06zxx*","Divine Mukasa","MCI","M","483","FA","@BOU Tue 2:30PM","3.16","1.58","0%","0%"
"*06dn2*","Zeki Amdouni","BUR","F","484","FA","@ARS Mon 3:00PM","3","1.5","0%","0%"
"*06hcm*","Callum Marshall","WHU","F","485","FA","@NEW Sun 12:30PM","3","1.5","0%","0%"
"*06v0j*","Dan Neil","SUN","M","486","FA","@EVE Sun 10:00AM","2.76","0.92","0%","0%"
"*06r9h*","Romain Esse","CRY","M","487","FA","@BRF Sun 10:00AM","2.75","0.69","3%","0%"
"*06s7s*","Harry Howell","BHA","F","488","FA","@LEE Sun 10:00AM","2.75","0.92","1%","0%"
"*070hr*","Jonah Kusi-Asare","FUL","F","489","FA","@WOL Sun 10:00AM","2.75","0.39","0%","0%"
"*06y4g*","Antoni Milambo","BRF","M","490","FA","CRY Sun 10:00AM","2.25","2.25","1%","0%"
"*02lpl*","Seamus Coleman","EVE","D","491","FA","SUN Sun 10:00AM","2.1","0.7","0%","0%"
"*06nvg*","Jota Silva","NOT","F","493","FA","@MUN Sun 7:30AM","2","2","2%","0%"
"*072o9*","Djiamgone Jocelin Ta Bi","SUN","F","492","FA","@EVE Sun 10:00AM","2","2","0%","0%"
"*06tf6*","Bendito Mantato","MUN","M","494","FA","NOT Sun 7:30AM","2","2","0%","0%"
"*05w9q*","Odsonne Edouard","CRY","F","495","FA","@BRF Sun 10:00AM","1.75","1.75","0%","0%"
"*06492*","Sasa Kalajdzic","WOL","F","496","FA","FUL Sun 10:00AM","1.75","1.75","0%","0%"
"*06hze*","Treymaurice Nyoni","LIV","M","497","W <small>(Thu)</small>","LIV 2<br/>@AVL 4 F","1.51","0.3","1%","0%"
"*06uzu*","Mamadou Sarr","CHE","D","498","FA","TOT Tue 3:15PM","1.5","0.75","0%","0%"
"*03pig*","Jamaal Lascelles","NEW","D","499","FA","WHU Sun 12:30PM","1.33","0.67","0%","0%"
"*06uns*","Tom Watson","BHA","F","502","FA","@LEE Sun 10:00AM","1.25","0.21","0%","0%"
"*044i7*","Angus Gunn","NOT","G","501","FA","@MUN Sun 7:30AM","1.25","1.25","0%","0%"
"*072h9*","Joel Drakes-Thomas","CRY","F","500","FA","@BRF Sun 10:00AM","1.25","0.62","0%","0%"
"*06r7f*","Julio Soler","BOU","D","505","FA","MCI Tue 2:30PM","1","0.33","0%","0%"
"*06zc3*","Jun'ai Byfield","TOT","D","503","FA","@CHE Tue 3:15PM","1","1","0%","0%"
"*03brm*","Patrick Roberts","SUN","M","504","FA","@EVE Sun 10:00AM","1","1","0%","0%"
"*06ib6*","Tawanda Chirewa","WOL","M","506","FA","FUL Sun 10:00AM","0.78","0.39","0%","0%"
"*064op*","Tyler Fredricson","MUN","D","507","FA","NOT Sun 7:30AM","0.57","0.57","0%","0%"
"*04e1k*","Solly March","BHA","M","508","FA","@LEE Sun 10:00AM","0.52","0.26","1%","0%"
"*05nip*","Dane Scarlett","TOT","F","512","FA","@CHE Tue 3:15PM","0.5","0.25","0%","0%"
"*06prv*","Jamaldeen Jimoh","AVL","M","511","W <small>(Thu)</small>","LIV 2<br/>@AVL 4 F","0.5","0.5","0%","0%"
"*06r7l*","Bradley Burrowes","AVL","M","510","W <small>(Thu)</small>","LIV 2<br/>@AVL 4 F","0.5","0.5","0%","0%"
"*06uzr*","Jaydon Banel","BUR","F","509","FA","@ARS Mon 3:00PM","0.5","0.5","0%","0%"
"*062ft*","Tyrell Malacia","MUN","D","513","FA","NOT Sun 7:30AM","0.32","0.16","0%","0%"
"*06ewy*","Alex Murphy","NEW","D","514","FA","WHU Sun 12:30PM","0.25","0.25","0%","0%"
"*06v0a*","Tyler Fletcher","MUN","M","516","FA","NOT Sun 7:30AM","0.01","0.01","0%","0%"
"*048xg*","Josh Dasilva","BRF","M","515","FA","CRY Sun 10:00AM","0.01","0.01","0%","0%"
"*06rkx*","Joe Knight","BHA","M","517","FA","@LEE Sun 10:00AM","0.01","0.01","0%","0%"
"*05ylx*","Dejan Kulusevski","TOT","M","713","FA","@CHE Tue 3:15PM","0","0","30%","0%"
"*04fk5*","Ederson","MCI","G","840","FA","@BOU Tue 2:30PM","0","0","11%","0%"
"*03v9d*","Son Heung-Min","TOT","F","858","FA","@CHE Tue 3:15PM","0","0","10%","0%"
"*03jly*","Andreas Pereira","FUL","M","683","FA","@WOL Sun 10:00AM","0","0","7%","0%"
"*05yld*","Luis Diaz","LIV","F","612","W <small>(Thu)</small>","LIV 2<br/>@AVL 4 F","0","0","5%","0%"
"*06exb*","Rasmus Hojlund","MUN","F","684","FA","NOT Sun 7:30AM","0","0","4%","0%"
"*06dps*","Andre Onana","MUN","G","785","FA","NOT Sun 7:30AM","0","0","3%","0%"
"*04u40*","Kepa","ARS","G","542","FA","BUR Mon 3:00PM","0","0","3%","0%"
"*05gcx*","Josh Brownhill","BUR","M","576","FA","@ARS Mon 3:00PM","0","0","2%","0%"
"*061x2*","Darwin Nunez","LIV","F","775","W <small>(Thu)</small>","LIV 2<br/>@AVL 4 F","0","0","2%","0%"
"*068yi*","Illia Zabarnyi","BOU","D","908","FA","MCI Tue 2:30PM","0","0","2%","0%"
"*05mzt*","Illan Meslier","LEE","G","748","FA","BHA Sun 10:00AM","0","0","2%","0%"
"*0649j*","Manuel Akanji","MCI","D","528","FA","@BOU Tue 2:30PM","0","0","2%","0%"
"*06329*","Manor Solomon","TOT","F","857","FA","@CHE Tue 3:15PM","0","0","1%","0%"
"*05ojg*","Nelson Semedo","WOL","D","578","FA","FUL Sun 10:00AM","0","0","1%","0%"
"*06roj*","Chido Obi-Martin","MUN","F","779","FA","NOT Sun 7:30AM","0","0","1%","0%"
"*0701y*","Giovanni Leoni","LIV","D","722","W <small>(Thu)</small>","LIV 2<br/>@AVL 4 F","0","0","1%","0%"
"*063e3*","Neto","BOU","G","764","FA","MCI Tue 2:30PM","0","0","1%","0%"
"*0435t*","Ilkay Gundogan","MCI","M","656","FA","@BOU Tue 2:30PM","0","0","1%","0%"
"*063c2*","Gabriel Slonina","CHE","G","854","FA","TOT Tue 3:15PM","0","0","1%","0%"
"*06cm0*","Christopher Nkunku","CHE","F","771","FA","TOT Tue 3:15PM","0","0","1%","0%"
"*06v0y*","Luka Vuskovic","TOT","D","885","FA","@CHE Tue 3:15PM","0","0","1%","0%"
"*04rha*","Jason Steele","BHA","G","860","FA","@LEE Sun 10:00AM","0","0","1%","0%"
"*06lox*","Mikey Moore","TOT","F","753","FA","@CHE Tue 3:15PM","0","0","1%","0%"
"*06ys4*","Sverre Nypan","MCI","M","776","FA","@BOU Tue 2:30PM","0","0","1%","0%"
"*068sd*","Jakub Kiwior","ARS","D","705","FA","BUR Mon 3:00PM","0","0","1%","0%"
"*06v0d*","Anthony Patterson","SUN","G","794","FA","@EVE Sun 10:00AM","0","0","1%","0%"
"*068a1*","Mykhailo Mudryk","CHE","M","761","FA","TOT Tue 3:15PM","0","0","1%","0%"
"*04vy4*","Mark Travers","EVE","G","874","FA","SUN Sun 10:00AM","0","0","1%","0%"
"*062p0*","Stefan Bajcetic","LIV","M","552","W <small>(Thu)</small>","LIV 2<br/>@AVL 4 F","0","0","1%","0%"
"*06zef*","Adam Aznou","EVE","D","548","FA","SUN Sun 10:00AM","0","0","1%","0%"
"*061xs*","Julio Enciso","BHA","M","625","FA","@LEE Sun 10:00AM","0","0","1%","0%"
"*05oz4*","Karl Hein","ARS","G","674","FA","BUR Mon 3:00PM","0","0","1%","0%"
"*05n3v*","Konstantinos Tsimikas","LIV","D","877","W <small>(Thu)</small>","LIV 2<br/>@AVL 4 F","0","0","1%","0%"
"*062ot*","Cheick Doucoure","CRY","M","617","FA","@BRF Sun 10:00AM","0","0","1%","0%"
"*06v03*","Harry Gray","LEE","F","653","FA","BHA Sun 10:00AM","0","0","1%","0%"
"*02lkp*","Raheem Sterling","CHE","F","863","FA","TOT Tue 3:15PM","0","0","1%","0%"
"*06kyw*","Claudio Echeverri","MCI","M","622","FA","@BOU Tue 2:30PM","0","0","0%","0%"
"*03ek4*","Patrick Bamford","LEE","F","554","FA","BHA Sun 10:00AM","0","0","0%","0%"
"*072mp*","Kaye Furo","BRF","F","637","FA","CRY Sun 10:00AM","0","0","0%","0%"
"*06f81*","Edson Alvarez","WHU","M","534","FA","@NEW Sun 12:30PM","0","0","0%","0%"
"*06dmn*","George Earthy","WHU","M","619","FA","@NEW Sun 12:30PM","0","0","0%","0%"
"*062h9*","Luis Sinisterra","BOU","F","853","FA","MCI Tue 2:30PM","0","0","0%","0%"
"*06r9x*","Vitor Reis","MCI","D","911","FA","@BOU Tue 2:30PM","0","0","0%","0%"
"*04azm*","Connor Roberts","BUR","D","821","FA","@ARS Mon 3:00PM","0","0","0%","0%"
"*056ir*","Adam Webster","BHA","D","887","FA","@LEE Sun 10:00AM","0","0","0%","0%"
"*06qq9*","Luca Williams-Barnett","TOT","F","898","FA","@CHE Tue 3:15PM","0","0","0%","0%"
"*04qr0*","Willy Boly","NOT","D","566","FA","@MUN Sun 7:30AM","0","0","0%","0%"
"*03v6t*","Ben Chilwell","CHE","D","589","FA","TOT Tue 3:15PM","0","0","0%","0%"
"*06zrt*","Will Wright","LIV","F","904","W <small>(Thu)</small>","LIV 2<br/>@AVL 4 F","0","0","0%","0%"
"*04gyd*","Brandon Austin","TOT","G","546","FA","@CHE Tue 3:15PM","0","0","0%","0%"
"*05n0a*","Wes Foderingham","WHU","G","633","FA","@NEW Sun 12:30PM","0","0","0%","0%"
"*03dwz*","Tom Heaton","MUN","G","672","FA","NOT Sun 7:30AM","0","0","0%","0%"
"*06l2r*","Harry Amass","MUN","D","535","FA","NOT Sun 7:30AM","0","0","0%","0%"
"*066t2*","Will Lankshear","TOT","F","719","FA","@CHE Tue 3:15PM","0","0","0%","0%"
"*06yb8*","Diego Leon","MUN","D","724","FA","NOT Sun 7:30AM","0","0","0%","0%"
"*06qgn*","Shumaira Mheuka","CHE","F","750","FA","TOT Tue 3:15PM","0","0","0%","0%"
"*06zbn*","Marli Salmon","ARS","D","835","FA","BUR Mon 3:00PM","0","0","0%","0%"
"*05ogh*","Harrison Ashby","NEW","D","544","FA","WHU Sun 12:30PM","0","0","0%","0%"
"*06dpv*","Omari Kellyman","CHE","M","702","FA","TOT Tue 3:15PM","0","0","0%","0%"
"*06v04*","Armin Pecsi","LIV","G","809","W <small>(Thu)</small>","LIV 2<br/>@AVL 4 F","0","0","0%","0%"
"*05xtq*","Matthew Cox","BRF","G","599","FA","CRY Sun 10:00AM","0","0","0%","0%"
"*06zbq*","Andre Harriman-Annous","ARS","F","664","FA","BUR Mon 3:00PM","0","0","0%","0%"
"*06dqv*","Luca Koleosho","BUR","M","706","FA","@ARS Mon 3:00PM","0","0","0%","0%"
"*06zbw*","Benjamin Lecomte","FUL","G","720","FA","@WOL Sun 10:00AM","0","0","0%","0%"
"*06do1*","Zach Marsh","CRY","F","734","FA","@BRF Sun 10:00AM","0","0","0%","0%"
"*04mqv*","Emerson","WHU","D","792","FA","@NEW Sun 12:30PM","0","0","0%","0%"
"*05tr5*","Mads Roerslev","BRF","D","824","FA","CRY Sun 10:00AM","0","0","0%","0%"
"*061z3*","Fabio Vieira","ARS","M","883","FA","BUR Mon 3:00PM","0","0","0%","0%"
"*06v0v*","Milan Aleksic","SUN","F","532","FA","@EVE Sun 10:00AM","0","0","0%","0%"
"*03vll*","Michail Antonio","WHU","F","539","FA","@NEW Sun 12:30PM","0","0","0%","0%"
"*06p4l*","Julian Araujo","BOU","D","540","FA","MCI Tue 2:30PM","0","0","0%","0%"
"*06clx*","Jordan Beyer","BUR","D","562","FA","@ARS Mon 3:00PM","0","0","0%","0%"
"*06klv*","Jayden Danns","LIV","F","604","W <small>(Thu)</small>","LIV 2<br/>@AVL 4 F","0","0","0%","0%"
"*05a6d*","Tariq Lamptey","BHA","D","718","FA","@LEE Sun 10:00AM","0","0","0%","0%"
"*06zrq*","Wellity Lucky","LIV","D","726","W <small>(Thu)</small>","LIV 2<br/>@AVL 4 F","0","0","0%","0%"
"*05ubh*","Remi Matthews","CRY","G","736","FA","@BRF Sun 10:00AM","0","0","0%","0%"
"*0687b*","Alex Moreno","AVL","D","757","W <small>(Thu)</small>","LIV 2<br/>@AVL 4 F","0","0","0%","0%"
"*06zc0*","Seung-Soo Park","NEW","F","793","FA","WHU Sun 12:30PM","0","0","0%","0%"
"*05n03*","Kalvin Phillips","MCI","M","800","FA","@BOU Tue 2:30PM","0","0","0%","0%"
"*05rjn*","Jesurun Rak-Sakyi","CRY","M","810","FA","@BRF Sun 10:00AM","0","0","0%","0%"
"*05ue3*","Albert Sambi Lokonga","ARS","M","838","FA","BUR Mon 3:00PM","0","0","0%","0%"
"*05x9k*","Jeremy Sarmiento","BHA","M","841","FA","@LEE Sun 10:00AM","0","0","0%","0%"
"*06uzx*","Isaac Schmidt","LEE","D","843","FA","BHA Sun 10:00AM","0","0","0%","0%"
"*06r5d*","Min-Hyeok Yang","TOT","F","906","FA","@CHE Tue 3:15PM","0","0","0%","0%"
"*06mx2*","Carlos Miguel","NOT","G","912","FA","@MUN Sun 7:30AM","0","0","0%","0%"
"*0649i*","Antony","MUN","M","913","FA","NOT Sun 7:30AM","0","0","0%","0%"
"*02ls8*","Marcus Bettinelli","MCI","G","560","FA","@BOU Tue 2:30PM","0","0","0%","0%"
"*056as*","William Dennis","BOU","G","610","FA","MCI Tue 2:30PM","0","0","0%","0%"
"*06v0e*","Blondy Nna Noukeu","SUN","G","772","FA","@EVE Sun 10:00AM","0","0","0%","0%"
"*06nvc*","Asher Agbinone","CRY","M","524","FA","@BRF Sun 10:00AM","0","0","0%","0%"
"*068ys*","Naouirou Ahamada","CRY","M","526","FA","@BRF Sun 10:00AM","0","0","0%","0%"
"*06r5m*","Aaron Anselmino","CHE","D","538","FA","TOT Tue 3:15PM","0","0","0%","0%"
"*03ysd*","Sam Byram","LEE","D","577","FA","BHA Sun 10:00AM","0","0","0%","0%"
"*06xzf*","Charlie Crew","LEE","M","600","FA","BHA Sun 10:00AM","0","0","0%","0%"
"*06fuh*","Hannes Delcroix","BUR","D","607","FA","@ARS Mon 3:00PM","0","0","0%","0%"
"*06exa*","Matheus Franca","CRY","F","636","FA","@BRF Sun 10:00AM","0","0","0%","0%"
"*05r4r*","Sam Greenwood","LEE","F","655","FA","BHA Sun 10:00AM","0","0","0%","0%"
"*06zvn*","George Hemmings","AVL","M","675","W <small>(Thu)</small>","LIV 2<br/>@AVL 4 F","0","0","0%","0%"
"*06mnb*","Samuel Iling-Junior","AVL","F","690","W <small>(Thu)</small>","LIV 2<br/>@AVL 4 F","0","0","0%","0%"
"*06nvb*","Caleb Kporha","CRY","D","711","FA","@BRF Sun 10:00AM","0","0","0%","0%"
"*04tsf*","Paris Maghoma","BRF","M","729","FA","CRY Sun 10:00AM","0","0","0%","0%"
"*06rrr*","Hindolo Mustapha","CRY","M","766","FA","@BRF Sun 10:00AM","0","0","0%","0%"
"*066iz*","Lewis Orford","WHU","M","787","FA","@NEW Sun 12:30PM","0","0","0%","0%"
"*06few*","Youssef Chermiti","EVE","F","811","FA","SUN Sun 10:00AM","0","0","0%","0%"
"*05vyc*","Aaron Ramsey","BUR","M","815","FA","@ARS Mon 3:00PM","0","0","0%","0%"
"*06ya6*","Kota Takai","TOT","D","866","FA","@CHE Tue 3:15PM","0","0","0%","0%"
"*05oji*","Rhys Williams","LIV","D","897","W <small>(Thu)</small>","LIV 2<br/>@AVL 4 F","0","0","0%","0%"
"*06msb*","Malick Yalcouye","BHA","M","905","FA","@LEE Sun 10:00AM","0","0","0%","0%"
"*06v0u*","Ahmed Abdullahi","SUN","F","520","FA","@EVE Sun 10:00AM","0","0","0%","0%"
"*06zc4*","Pele Arganese-McDermott","TOT","D","541","FA","@CHE Tue 3:15PM","0","0","0%","0%"
"*06zc2*","Tyrell Ashcroft","TOT","D","545","FA","@CHE Tue 3:15PM","0","0","0%","0%"
"*06zxz*","Scott Bailey","NEW","M","550","FA","WHU Sun 12:30PM","0","0","0%","0%"
"*04f67*","Philip Billing","BOU","M","563","FA","MCI Tue 2:30PM","0","0","0%","0%"
"*06q2g*","Dante Cassanova","TOT","D","586","FA","@CHE Tue 3:15PM","0","0","0%","0%"
"*06yxd*","Rhys Chadwick","LEE","M","587","FA","BHA Sun 10:00AM","0","0","0%","0%"
"*06crn*","Toby Collyer","MUN","M","596","FA","NOT Sun 7:30AM","0","0","0%","0%"
"*073ue*","Jaden Dixon","ARS","D","613","FA","BUR Mon 3:00PM","0","0","0%","0%"
"*066j4*","Mateo Joseph","LEE","F","631","FA","BHA Sun 10:00AM","0","0","0%","0%"
"*05n3u*","Joe Gelhardt","LEE","F","640","FA","BHA Sun 10:00AM","0","0","0%","0%"
"*05uh9*","Bryan Gil","TOT","F","642","FA","@CHE Tue 3:15PM","0","0","0%","0%"
"*066si*","Alfie Gilchrist","CHE","D","643","FA","TOT Tue 3:15PM","0","0","0%","0%"
"*05n09*","Mark Gillespie","NEW","G","644","FA","WHU Sun 12:30PM","0","0","0%","0%"
"*062du*","Darko Gyabi","LEE","M","658","FA","BHA Sun 10:00AM","0","0","0%","0%"
"*06qvv*","Malachi Hardy","TOT","D","663","FA","@CHE Tue 3:15PM","0","0","0%","0%"
"*06nv5*","Alfie Harrison","NEW","M","668","FA","WHU Sun 12:30PM","0","0","0%","0%"
"*06nyx*","Finlay Herrick","WHU","G","677","FA","@NEW Sun 12:30PM","0","0","0%","0%"
"*06nlc*","Reigan Heskey","MCI","F","679","FA","@BOU Tue 2:30PM","0","0","0%","0%"
"*05x12*","Leo Fuhr Hjelde","SUN","D","681","FA","@EVE Sun 10:00AM","0","0","0%","0%"
"*06v0q*","Harrison Jones","SUN","M","696","FA","@EVE Sun 10:00AM","0","0","0%","0%"
"*062cl*","Issa Kabore","MCI","D","700","FA","@BOU Tue 2:30PM","0","0","0%","0%"
"*06roh*","Sekou Kone","MUN","M","710","FA","NOT Sun 7:30AM","0","0","0%","0%"
"*072mq*","Brian Madjo","AVL","F","728","W <small>(Thu)</small>","LIV 2<br/>@AVL 4 F","0","0","0%","0%"
"*072x6*","Christos Mandas","BOU","G","731","FA","MCI Tue 2:30PM","0","0","0%","0%"
"*06mgk*","Jayden Meghoma","BRF","D","745","FA","CRY Sun 10:00AM","0","0","0%","0%"
"*033l8*","Simon Moore","SUN","G","754","FA","@EVE Sun 10:00AM","0","0","0%","0%"
"*06phr*","Gustavo Nunes","BRF","F","774","FA","CRY Sun 10:00AM","0","0","0%","0%"
"*06qq8*","Callum Olusesi","TOT","M","784","FA","@CHE Tue 3:15PM","0","0","0%","0%"
"*05afj*","Largie Ramazani","LEE","F","812","FA","BHA Sun 10:00AM","0","0","0%","0%"
"*061z5*","Calvin Ramsay","LIV","D","814","W <small>(Thu)</small>","LIV 2<br/>@AVL 4 F","0","0","0%","0%"
"*06r3w*","Remy Rees-Dottin","BOU","F","818","FA","MCI Tue 2:30PM","0","0","0%","0%"
"*06zc5*","James Rowswell","TOT","D","829","FA","@CHE Tue 3:15PM","0","0","0%","0%"
"*02m3v*","John Ruddy","NEW","G","830","FA","WHU Sun 12:30PM","0","0","0%","0%"
"*05o8k*","Fabio Silva","WOL","F","855","FA","FUL Sun 10:00AM","0","0","0%","0%"
"*0372y*","Matt Targett","NEW","D","867","FA","WHU Sun 12:30PM","0","0","0%","0%"
"*06zc8*","Tynan Thompson","TOT","F","872","FA","@CHE Tue 3:15PM","0","0","0%","0%"
"*06rrq*","Reggie Walsh","CHE","M","886","FA","TOT Tue 3:15PM","0","0","0%","0%"
"*06l4c*","Ethan Wheatley","MUN","F","889","FA","NOT Sun 7:30AM","0","0","0%","0%"
"*06muh*","Ethan Williams","MUN","M","896","FA","NOT Sun 7:30AM","0","0","0%","0%"
"*05wwd*","Joshua Wilson-Esbrand","MCI","D","901","FA","@BOU Tue 2:30PM","0","0","0%","0%"
"*06qwh*","Ben Winterburn","BOU","M","902","FA","MCI Tue 2:30PM","0","0","0%","0%"
"*06mnd*","Eric da Silva Moreira","NOT","F","910","FA","@MUN Sun 7:30AM","0","0","0%","0%"
"*06awq*","George Abbott","TOT","M","519","FA","@CHE Tue 3:15PM","0","0","0%","0%"
"*067y2*","Daniel Adu-Addei","BOU","F","523","FA","MCI Tue 2:30PM","0","0","0%","0%"
"*06zc7*","Yusuf Akhamrich","TOT","F","529","FA","@CHE Tue 3:15PM","0","0","0%","0%"
"*05ogg*","Ajibola Alese","SUN","D","533","FA","@EVE Sun 10:00AM","0","0","0%","0%"
"*072x8*","Brando Bailey-Joseph","ARS","F","551","FA","BUR Mon 3:00PM","0","0","0%","0%"
"*06zod*","Dean Benamar","CRY","D","556","FA","@BRF Sun 10:00AM","0","0","0%","0%"
"*0643r*","Owen Bevan","BOU","D","561","FA","MCI Tue 2:30PM","0","0","0%","0%"
"*06uzw*","Alex Cairns","LEE","G","579","FA","BHA Sun 10:00AM","0","0","0%","0%"
"*06zbt*","Rio Cardines","CRY","M","582","FA","@BRF Sun 10:00AM","0","0","0%","0%"
"*04u6i*","Leander Dendoncker","AVL","M","608","W <small>(Thu)</small>","LIV 2<br/>@AVL 4 F","0","0","0%","0%"
"*066t3*","Jamie Donley","TOT","F","616","FA","@CHE Tue 3:15PM","0","0","0%","0%"
"*06shp*","Landon Emenalo","CHE","M","624","FA","TOT Tue 3:15PM","0","0","0%","0%"
"*06441*","Martial Godo","FUL","F","645","FA","@WOL Sun 10:00AM","0","0","0%","0%"
"*06fwo*","Enso Gonzalez","WOL","F","647","FA","FUL Sun 10:00AM","0","0","0%","0%"
"*05uhl*","Kaide Gordon","LIV","F","649","W <small>(Thu)</small>","LIV 2<br/>@AVL 4 F","0","0","0%","0%"
"*06nbw*","Jaden Heskey","MCI","F","678","FA","@BOU Tue 2:30PM","0","0","0%","0%"
"*05r2t*","Niall Huggins","SUN","F","688","FA","@EVE Sun 10:00AM","0","0","0%","0%"
"*06zca*","Oliver Irow","TOT","F","692","FA","@CHE Tue 3:15PM","0","0","0%","0%"
"*072b6*","Ryan Kavuma-McQueen","CHE","F","701","FA","TOT Tue 3:15PM","0","0","0%","0%"
"*06ils*","Yunus Konak","BRF","M","707","FA","CRY Sun 10:00AM","0","0","0%","0%"
"*06mgn*","Rio Kyerematen","TOT","M","714","FA","@CHE Tue 3:15PM","0","0","0%","0%"
"*0722t*","Ryan McAidoo","MCI","F","737","FA","@BOU Tue 2:30PM","0","0","0%","0%"
"*06jgu*","Callan McKenna","BOU","G","740","FA","MCI Tue 2:30PM","0","0","0%","0%"
"*06rnn*","Sean Neave","NEW","F","769","FA","WHU Sun 12:30PM","0","0","0%","0%"
"*06nk3*","Josh Nichols","ARS","D","770","FA","BUR Mon 3:00PM","0","0","0%","0%"
"*05r93*","Tyler Onyango","EVE","M","786","FA","SUN Sun 10:00AM","0","0","0%","0%"
"*072at*","Nehemiah Oriola","BHA","F","788","FA","@LEE Sun 10:00AM","0","0","0%","0%"
"*04ym3*","Ian Poveda-Ocampo","SUN","F","807","FA","@EVE Sun 10:00AM","0","0","0%","0%"
"*062op*","Omar Richards","NOT","D","819","FA","@MUN Sun 7:30AM","0","0","0%","0%"
"*062oi*","Kaden Rodney","CRY","M","823","FA","@BRF Sun 10:00AM","0","0","0%","0%"
"*06rwp*","Charlie Tasker","BHA","D","868","FA","@LEE Sun 10:00AM","0","0","0%","0%"
"*06zeg*","Max Thompson","NEW","G","871","FA","WHU Sun 12:30PM","0","0","0%","0%"
"*06cly*","Enock Agyei","BUR","F","525","FA","@ARS Mon 3:00PM","0","0","0%","0%"
"*06kwh*","Benjamin Arthur","BRF","D","543","FA","CRY Sun 10:00AM","0","0","0%","0%"
"*06cm7*","Josh Bowler","NOT","M","569","FA","@MUN Sun 7:30AM","0","0","0%","0%"
"*06v0k*","Alan Browne","SUN","M","574","FA","@EVE Sun 10:00AM","0","0","0%","0%"
"*06zoe*","Luke Browne","CRY","D","575","FA","@BRF Sun 10:00AM","0","0","0%","0%"
"*06v00*","Sam Chambers","LEE","M","588","FA","BHA Sun 10:00AM","0","0","0%","0%"
"*05re5*","Carney Chukwuemeka","CHE","M","590","FA","TOT Tue 3:15PM","0","0","0%","0%"
"*072ox*","Sam Coffey","MCI","M","595","FA","@BOU Tue 2:30PM","0","0","0%","0%"
"*06zbo*","Louie Copley","ARS","M","597","FA","BUR Mon 3:00PM","0","0","0%","0%"
"*05tz8*","Emmanuel Dennis","NOT","F","609","FA","@MUN Sun 7:30AM","0","0","0%","0%"
"*05nio*","Alfie Devine","TOT","M","611","FA","@CHE Tue 3:15PM","0","0","0%","0%"
"*05uog*","Lewis Dobbin","AVL","F","614","W <small>(Thu)</small>","LIV 2<br/>@AVL 4 F","0","0","0%","0%"
"*062ck*","Malcolm Ebiowei","CRY","F","620","FA","@BRF Sun 10:00AM","0","0","0%","0%"
"*06873*","Joao Felix","CHE","F","630","FA","TOT Tue 3:15PM","0","0","0%","0%"
"*02ltw*","Fraser Forster","BOU","G","635","FA","MCI Tue 2:30PM","0","0","0%","0%"
"*072ht*","Charlie Gray","MCI","M","652","FA","@BOU Tue 2:30PM","0","0","0%","0%"
"*06uzk*","Etienne Green","BUR","G","654","FA","@ARS Mon 3:00PM","0","0","0%","0%"
"*063dz*","Luke Harris","FUL","M","666","FA","@WOL Sun 10:00AM","0","0","0%","0%"
"*06kji*","Ollie Harrison","CHE","M","669","FA","TOT Tue 3:15PM","0","0","0%","0%"
"*072x7*","Ife Ibrahim","ARS","M","689","FA","BUR Mon 3:00PM","0","0","0%","0%"
"*06pms*","Ismeal Kabia","ARS","F","699","FA","BUR Mon 3:00PM","0","0","0%","0%"
"*06cmt*","Tom King","EVE","G","704","FA","SUN Sun 10:00AM","0","0","0%","0%"
"*06zrs*","Michael Laffey","LIV","M","715","W <small>(Thu)</small>","LIV 2<br/>@AVL 4 F","0","0","0%","0%"
"*06zc9*","Ellis Lehane","TOT","F","721","FA","@CHE Tue 3:15PM","0","0","0%","0%"
"*06c4p*","Benson Manuel","BUR","F","732","FA","@ARS Mon 3:00PM","0","0","0%","0%"
"*06do3*","James McConnell","LIV","M","738","W <small>(Thu)</small>","LIV 2<br/>@AVL 4 F","0","0","0%","0%"
"*05rbn*","Thomas McGill","BHA","G","739","FA","@LEE Sun 10:00AM","0","0","0%","0%"
"*06roi*","Jack Moorhouse","MUN","M","755","FA","NOT Sun 7:30AM","0","0","0%","0%"
"*05vyh*","Andy Moran","BHA","M","756","FA","@LEE Sun 10:00AM","0","0","0%","0%"
"*06v09*","Reece Munro","MUN","D","763","FA","NOT Sun 7:30AM","0","0","0%","0%"
"*072p2*","Kian Noble","MCI","D","773","FA","@BOU Tue 2:30PM","0","0","0%","0%"
"*062ow*","David Ozoh","CRY","M","790","FA","@BRF Sun 10:00AM","0","0","0%","0%"
"*073ac*","Ceadach O'Neill","ARS","F","791","FA","BUR Mon 3:00PM","0","0","0%","0%"
"*05nuf*","Myles Peart-Harris","BRF","M","797","FA","CRY Sun 10:00AM","0","0","0%","0%"
"*06uzt*","Mike Penders","CHE","G","799","FA","TOT Tue 3:15PM","0","0","0%","0%"
"*072cb*","Seth Ridgeon","FUL","M","820","FA","@WOL Sun 10:00AM","0","0","0%","0%"
"*06nk2*","Alexei Rojas Fedorushchenko","ARS","G","825","FA","BUR Mon 3:00PM","0","0","0%","0%"
"*06prt*","Triston Rowe","AVL","D","828","W <small>(Thu)</small>","LIV 2<br/>@AVL 4 F","0","0","0%","0%"
"*06zc6*","Reiss-Alexander Russell-Denny","TOT","M","831","FA","@CHE Tue 3:15PM","0","0","0%","0%"
"*0643v*","Dominic Sadi","BOU","F","833","FA","MCI Tue 2:30PM","0","0","0%","0%"
"*073ab*","Floyd Samba","MCI","M","836","FA","@BOU Tue 2:30PM","0","0","0%","0%"
"*072p3*","Tyrone Samba","MCI","F","837","FA","@BOU Tue 2:30PM","0","0","0%","0%"
"*05nsf*","Malang Sarr","CHE","D","842","FA","TOT Tue 3:15PM","0","0","0%","0%"
"*062cj*","Abdallah Sima","BHA","F","850","FA","@LEE Sun 10:00AM","0","0","0%","0%"
"*0700r*","Jimmy Sinclair","NOT","M","852","FA","@MUN Sun 7:30AM","0","0","0%","0%"
"*06zqi*","Joshua Stephenson","BRF","D","861","FA","CRY Sun 10:00AM","0","0","0%","0%"
"*05rc7*","Harry Tyrer","EVE","G","881","FA","SUN Sun 10:00AM","0","0","0%","0%"
"*06fxg*","Odysseas Vlachodimos","NEW","G","884","FA","WHU Sun 12:30PM","0","0","0%","0%"
"*062pa*","Joseph Whitworth","CRY","G","893","FA","@BRF Sun 10:00AM","0","0","0%","0%"
"*05u40*","Ellery Balcombe","BRF","G","553","FA","CRY Sun 10:00AM","0","0","0%","0%"
"*06fwn*","Steven Benda","FUL","G","557","FA","@WOL Sun 10:00AM","0","0","0%","0%"
"*06jb3*","Ted Curd","CHE","G","601","FA","TOT Tue 3:15PM","0","0","0%","0%"
"*074vj*","Harrison Dudziak","ARS","M","618","FA","BUR Mon 3:00PM","0","0","0%","0%"
"*02lym*","Lukasz Fabianski","WHU","G","627","FA","@NEW Sun 12:30PM","0","0","0%","0%"
"*06exj*","Luca Gunter","TOT","G","657","FA","@CHE Tue 3:15PM","0","0","0%","0%"
"*0645w*","Krisztian Hegyi","WHU","G","673","FA","@NEW Sun 12:30PM","0","0","0%","0%"
"*05y6a*","Filip Marschall","AVL","G","733","W <small>(Thu)</small>","LIV 2<br/>@AVL 4 F","0","0","0%","0%"
"*06zby*","Kornel Misciur","LIV","G","752","W <small>(Thu)</small>","LIV 2<br/>@AVL 4 F","0","0","0%","0%"
"*06nk0*","Tommy Setford","ARS","G","844","FA","BUR Mon 3:00PM","0","0","0%","0%"
"*073b0*","Ollie Shield","BRF","D","848","FA","CRY Sun 10:00AM","0","0","0%","0%"
"*06v0b*","Jim Thwaites","MUN","M","873","FA","NOT Sun 7:30AM","0","0","0%","0%"
"*062ds*","Matt Turner","NOT","G","878","FA","@MUN Sun 7:30AM","0","0","0%","0%"
"*073k1*","James Wilson","TOT","F","900","FA","@CHE Tue 3:15PM","0","0","0%","0%"
"*072z1*","Jerome Abbey","WOL","M","518","FA","FUL Sun 10:00AM","0","0","0%","0%"
"*06yb6*","Oluwaseun Adewumi","BUR","M","522","FA","@ARS Mon 3:00PM","0","0","0%","0%"
"*06r5r*","Matai Akinmboni","BOU","D","530","FA","MCI Tue 2:30PM","0","0","0%","0%"
"*072g3*","Sam Alabi","NEW","M","531","FA","WHU Sun 12:30PM","0","0","0%","0%"
"*05uh0*","Joseph Anderson","SUN","D","537","FA","@EVE Sun 10:00AM","0","0","0%","0%"
"*06xzn*","Abdoullah Ba","SUN","M","549","FA","@EVE Sun 10:00AM","0","0","0%","0%"
"*072zo*","Luka Bentt","BRF","M","558","FA","CRY Sun 10:00AM","0","0","0%","0%"
"*072c1*","Zyan Blake","NOT","F","564","FA","@MUN Sun 7:30AM","0","0","0%","0%"
"*06pru*","Aidan Borland","AVL","M","567","W <small>(Thu)</small>","LIV 2<br/>@AVL 4 F","0","0","0%","0%"
"*06pry*","Kaden Braithwaite","MCI","D","570","FA","@BOU Tue 2:30PM","0","0","0%","0%"
"*072h8*","Ben Casey","CRY","F","584","FA","@BRF Sun 10:00AM","0","0","0%","0%"
"*066iy*","Kaelan Casey","WHU","D","585","FA","@NEW Sun 12:30PM","0","0","0%","0%"
"*06zbv*","Justin Clarke","EVE","M","594","FA","SUN Sun 10:00AM","0","0","0%","0%"
"*06xzh*","Antonito Cordero","NEW","F","598","FA","WHU Sun 12:30PM","0","0","0%","0%"
"*072ga*","Malcom DaCosta","BOU","M","602","FA","MCI Tue 2:30PM","0","0","0%","0%"
"*06zrr*","Josh Davidson","LIV","D","605","W <small>(Thu)</small>","LIV 2<br/>@AVL 4 F","0","0","0%","0%"
"*06jgk*","Romain Faivre","BOU","M","628","FA","MCI Tue 2:30PM","0","0","0%","0%"
"*06zcd*","Preston Fearon","WHU","M","629","FA","@NEW Sun 12:30PM","0","0","0%","0%"
"*072cf*","Keyrol Figueroa","LIV","F","632","W <small>(Thu)</small>","LIV 2<br/>@AVL 4 F","0","0","0%","0%"
"*067z4*","David Datro Fofana","CHE","F","634","FA","TOT Tue 3:15PM","0","0","0%","0%"
"*063e8*","Goncalo Guedes","WOL","F","638","FA","FUL Sun 10:00AM","0","0","0%","0%"
"*06zcc*","Airidas Golambeckis","WHU","D","646","FA","@NEW Sun 12:30PM","0","0","0%","0%"
"*06lvm*","Tyrese Hall","TOT","M","660","FA","@CHE Tue 3:15PM","0","0","0%","0%"
"*035mq*","Isaac Hayden","NEW","M","670","FA","WHU Sun 12:30PM","0","0","0%","0%"
"*044nm*","Rob Holding","CRY","D","685","FA","@BRF Sun 10:00AM","0","0","0%","0%"
"*0730i*","Charlie Holland","CHE","M","686","FA","TOT Tue 3:15PM","0","0","0%","0%"
"*070eo*","Jenson Jones","SUN","M","698","FA","@EVE Sun 10:00AM","0","0","0%","0%"
"*06qx6*","Godwill Kukonki","MUN","D","712","FA","NOT Sun 7:30AM","0","0","0%","0%"
"*072pu*","Keiber Lamadrid","WHU","M","717","FA","@NEW Sun 12:30PM","0","0","0%","0%"
"*06xzo*","Jay Matete","SUN","M","735","FA","@EVE Sun 10:00AM","0","0","0%","0%"
"*04ylt*","Chris Mepham","BOU","D","746","FA","MCI Tue 2:30PM","0","0","0%","0%"
"*06nbu*","Stephen Mfuni","MCI","D","749","FA","@BOU Tue 2:30PM","0","0","0%","0%"
"*06rkq*","Kieran Morrison","LIV","M","758","W <small>(Thu)</small>","LIV 2<br/>@AVL 4 F","0","0","0%","0%"
"*05uhk*","Tyler Morton","LIV","M","759","W <small>(Thu)</small>","LIV 2<br/>@AVL 4 F","0","0","0%","0%"
"*06on6*","Anthony Munda","NEW","M","762","FA","WHU Sun 12:30PM","0","0","0%","0%"
"*06kud*","Amara Nallo","LIV","D","767","W <small>(Thu)</small>","LIV 2<br/>@AVL 4 F","0","0","0%","0%"
"*04mmx*","Michael Obafemi","BUR","F","778","FA","@ARS Mon 3:00PM","0","0","0%","0%"
"*06awp*","Travis Patterson","AVL","D","795","W <small>(Thu)</small>","LIV 2<br/>@AVL 4 F","0","0","0%","0%"
"*06xzk*","Timothee Pembele","SUN","D","798","FA","@EVE Sun 10:00AM","0","0","0%","0%"
"*06yjz*","Tommy Pilling","LIV","M","801","W <small>(Thu)</small>","LIV 2<br/>@AVL 4 F","0","0","0%","0%"
"*06fwj*","Alfie Pond","WOL","D","804","FA","FUL Sun 10:00AM","0","0","0%","0%"
"*06xzq*","Nazariy Rusyn","SUN","F","832","FA","@EVE Sun 10:00AM","0","0","0%","0%"
"*06on5*","Leo Shahar","NEW","D","845","FA","WHU Sun 12:30PM","0","0","0%","0%"
"*06po8*","Martin Sherif","EVE","F","847","FA","SUN Sun 10:00AM","0","0","0%","0%"
"*06xzp*","Luis Hemir Silva Semedo","SUN","F","849","FA","@EVE Sun 10:00AM","0","0","0%","0%"
"*06mmk*","Marko Stamenic","NOT","M","859","FA","@MUN Sun 7:30AM","0","0","0%","0%"
"*072p7*","Charlie Stevens","BOU","M","864","FA","MCI Tue 2:30PM","0","0","0%","0%"
"*06zbu*","Aled Thomas","EVE","D","869","FA","SUN Sun 10:00AM","0","0","0%","0%"
"*0643w*","Ryan Trevitt","BRF","M","875","FA","CRY Sun 10:00AM","0","0","0%","0%"
"*06v0x*","Tymur Tutierov","SUN","F","879","FA","@EVE Sun 10:00AM","0","0","0%","0%"
"*06kk4*","Franco Umeh-Chibueze","CRY","F","882","FA","@BRF Sun 10:00AM","0","0","0%","0%"
"*05wqy*","Joe White","NEW","M","890","FA","WHU Sun 12:30PM","0","0","0%","0%"
"*06nbq*","Caleb Wiley","CHE","D","894","FA","TOT Tue 3:15PM","0","0","0%","0%"
"*06zbr*","Harold William","BOU","D","895","FA","MCI Tue 2:30PM","0","0","0%","0%"
"*066tb*","Kadan Young","AVL","F","907","W <small>(Thu)</small>","LIV 2<br/>@AVL 4 F","0","0","0%","0%"
"*056at*","Jordan Zemura","BOU","D","909","FA","MCI Tue 2:30PM","0","0","0%","0%"
"*06unr*","Yasin Ozcan","AVL","D","914","W <small>(Thu)</small>","LIV 2<br/>@AVL 4 F","0","0","0%","0%"
"*05ymb*","Tayo Adaramola","CRY","D","521","FA","@BRF Sun 10:00AM","0","0","0%","0%"
"*07394*","Joshua Ajala","WHU","F","527","FA","@NEW Sun 12:30PM","0","0","0%","0%"
"*06ewp*","Samuel Amissah","FUL","D","536","FA","@WOL Sun 10:00AM","0","0","0%","0%"
"*06zcb*","Lanre Awesu","WHU","G","547","FA","@NEW Sun 12:30PM","0","0","0%","0%"
"*0700s*","Adam Berry","NOT","M","559","FA","@MUN Sun 7:30AM","0","0","0%","0%"
"*071xd*","George Brierley","BUR","M","571","FA","@ARS Mon 3:00PM","0","0","0%","0%"
"*06prw*","Ben Broggio","AVL","M","572","W <small>(Thu)</small>","LIV 2<br/>@AVL 4 F","0","0","0%","0%"
"*06c4r*","Darko Churlinov","BUR","F","591","FA","@ARS Mon 3:00PM","0","0","0%","0%"
"*05ux0*","Owen Dodgson","BUR","D","615","FA","@ARS Mon 3:00PM","0","0","0%","0%"
"*075qp*","Mathis Eboue","CHE","M","621","FA","TOT Tue 3:15PM","0","0","0%","0%"
"*05yf8*","Pierre Ekwah","SUN","M","623","FA","@EVE Sun 10:00AM","0","0","0%","0%"
"*073vo*","Finn Geragusyan","SUN","F","641","FA","@EVE Sun 10:00AM","0","0","0%","0%"
"*072iu*","Braiden Graham","EVE","F","651","FA","SUN Sun 10:00AM","0","0","0%","0%"
"*072x9*","Tye Hall","TOT","M","659","FA","@CHE Tue 3:15PM","0","0","0%","0%"
"*072dz*","Ben Hammond","NOT","D","661","FA","@MUN Sun 7:30AM","0","0","0%","0%"
"*06rnm*","Isaac Heath","EVE","F","671","FA","SUN Sun 10:00AM","0","0","0%","0%"
"*06jfq*","Travis Hernes","NEW","M","676","FA","WHU Sun 12:30PM","0","0","0%","0%"
"*06zbs*","Marcus Hill","CRY","G","680","FA","@BRF Sun 10:00AM","0","0","0%","0%"
"*06mfw*","Vaclav Hladky","BUR","G","682","FA","@ARS Mon 3:00PM","0","0","0%","0%"
"*06nva*","Mofe Jemide","CRY","D","694","FA","@BRF Sun 10:00AM","0","0","0%","0%"
"*06xzm*","Zak Johnson","SUN","D","695","FA","@EVE Sun 10:00AM","0","0","0%","0%"
"*06ygl*","George King","CRY","D","703","FA","@BRF Sun 10:00AM","0","0","0%","0%"
"*06rkr*","Trent Kone-Doherty","LIV","F","708","W <small>(Thu)</small>","LIV 2<br/>@AVL 4 F","0","0","0%","0%"
"*06zqj*","Ethan Laidlaw","BRF","F","716","FA","CRY Sun 10:00AM","0","0","0%","0%"
"*075sh*","Jayden Lienou","LEE","D","725","FA","BHA Sun 10:00AM","0","0","0%","0%"
"*06yxc*","Rory Mahady","LEE","G","730","FA","BHA Sun 10:00AM","0","0","0%","0%"
"*073q9*","Kian McMahon-Brown","BUR","F","741","FA","@ARS Mon 3:00PM","0","0","0%","0%"
"*06ews*","Dermot Mee","MUN","G","744","FA","NOT Sun 7:30AM","0","0","0%","0%"
"*06xzj*","David Mota Veiga Teixeira do Carmo","NOT","D","760","FA","@MUN Sun 7:30AM","0","0","0%","0%"
"*06rqa*","William Murdock","MUN","G","765","FA","NOT Sun 7:30AM","0","0","0%","0%"
"*075kd*","Talla Ndiaye","LIV","D","768","W <small>(Thu)</small>","LIV 2<br/>@AVL 4 F","0","0","0%","0%"
"*06v0w*","Trey Ogunsuyi","SUN","F","780","FA","@EVE Sun 10:00AM","0","0","0%","0%"
"*072hx*","Saheed Olagunju","WOL","D","782","FA","FUL Sun 10:00AM","0","0","0%","0%"
"*06mex*","Alex Paulsen","BOU","G","796","FA","MCI Tue 2:30PM","0","0","0%","0%"
"*070en*","Oliver Pimlott","BUR","F","802","FA","@ARS Mon 3:00PM","0","0","0%","0%"
"*06ppi*","Jack Porter","ARS","G","805","FA","BUR Mon 3:00PM","0","0","0%","0%"
"*071xf*","Brandon Pouani","BUR","F","806","FA","@ARS Mon 3:00PM","0","0","0%","0%"
"*06ie2*","Sam Proctor","AVL","G","808","W <small>(Thu)</small>","LIV 2<br/>@AVL 4 F","0","0","0%","0%"
"*073y1*","Khari Ranson","ARS","G","816","FA","BUR Mon 3:00PM","0","0","0%","0%"
"*06nve*","Luke Rawlings","WOL","M","817","FA","FUL Sun 10:00AM","0","0","0%","0%"
"*06nyy*","Junior Robinson","WHU","D","822","FA","@NEW Sun 12:30PM","0","0","0%","0%"
"*06nkh*","Reggie Rose","BRF","G","826","FA","CRY Sun 10:00AM","0","0","0%","0%"
"*072i1*","Leon Routh","AVL","D","827","W <small>(Thu)</small>","LIV 2<br/>@AVL 4 F","0","0","0%","0%"
"*066se*","Charles Sagoe Junior","ARS","F","834","FA","BUR Mon 3:00PM","0","0","0%","0%"
"*06uzm*","Shurandy Sambo","BUR","D","839","FA","@ARS Mon 3:00PM","0","0","0%","0%"
"*05xtr*","Teddy Sharman-Lowe","CHE","G","846","FA","TOT Tue 3:15PM","0","0","0%","0%"
"*06s7r*","Freddie Simmonds","BHA","D","851","FA","@LEE Sun 10:00AM","0","0","0%","0%"
"*070hm*","Luis Eduardo Soares da Silva","NOT","D","856","FA","@MUN Sun 7:30AM","0","0","0%","0%"
"*06nl8*","Luca Stephenson","LIV","M","862","W <small>(Thu)</small>","LIV 2<br/>@AVL 4 F","0","0","0%","0%"
"*072iv*","Ethan Sutherland","WOL","M","865","FA","FUL Sun 10:00AM","0","0","0%","0%"
"*072dy*","Jack Thompson","NOT","D","870","FA","@MUN Sun 7:30AM","0","0","0%","0%"
"*06xzl*","Nectarios Triantis","SUN","D","876","FA","@EVE Sun 10:00AM","0","0","0%","0%"
"*06uzs*","Tom Tweedy","BUR","F","880","FA","@ARS Mon 3:00PM","0","0","0%","0%"
"*05rka*","Reece Welch","EVE","D","888","FA","SUN Sun 10:00AM","0","0","0%","0%"
"*0700q*","Archie Whitehall","NOT","M","891","FA","@MUN Sun 7:30AM","0","0","0%","0%"
"*070eq*","Jack Whittaker","SUN","M","892","FA","@EVE Sun 10:00AM","0","0","0%","0%"
"*06617*","Keehan Willows","NOT","G","899","FA","@MUN Sun 7:30AM","0","0","0%","0%"
"*06avm*","James Wright","AVL","G","903","W <small>(Thu)</small>","LIV 2<br/>@AVL 4 F","0","0","0%","0%"
"*06qqm*","Callum Bates","EVE","M","555","FA","SUN Sun 10:00AM","0","0","0%","0%"
"*06zc1*","Carey Bloedorn","TOT","G","565","FA","@CHE Tue 3:15PM","0","0","0%","0%"
"*06ex2*","Aaron Bott","NOT","G","568","FA","@MUN Sun 7:30AM","0","0","0%","0%"
"*074vk*","Alfie Brooks","WOL","G","573","FA","FUL Sun 10:00AM","0","0","0%","0%"
"*06idv*","Elijah Campbell","EVE","D","580","FA","SUN Sun 10:00AM","0","0","0%","0%"
"*071xc*","Murray Campbell","BUR","D","581","FA","@ARS Mon 3:00PM","0","0","0%","0%"
"*072j7*","TJ Carroll","AVL","D","583","W <small>(Thu)</small>","LIV 2<br/>@AVL 4 F","0","0","0%","0%"
"*071xe*","Ellis Clark","BUR","M","592","FA","@ARS Mon 3:00PM","0","0","0%","0%"
"*07233*","Ellis Clark","BUR","M","593","FA","@ARS Mon 3:00PM","0","0","0%","0%"
"*0689t*","Michael Dacosta Gonzalez","BOU","F","603","FA","MCI Tue 2:30PM","0","0","0%","0%"
"*05rfp*","Harvey Davies","LIV","G","606","W <small>(Thu)</small>","LIV 2<br/>@AVL 4 F","0","0","0%","0%"
"*06on4*","Julian Eyestone","BRF","G","626","FA","CRY Sun 10:00AM","0","0","0%","0%"
"*06jgt*","Joe Gauci","AVL","G","639","W <small>(Thu)</small>","LIV 2<br/>@AVL 4 F","0","0","0%","0%"
"*062pb*","Owen Goodman","CRY","G","648","FA","@BRF Sun 10:00AM","0","0","0%","0%"
"*075jv*","Josh Gracey","WOL","G","650","FA","FUL Sun 10:00AM","0","0","0%","0%"
"*0746k*","Justin Hanks","NOT","D","662","FA","@MUN Sun 7:30AM","0","0","0%","0%"
"*06h1g*","Aidan Harris","NEW","G","665","FA","WHU Sun 12:30PM","0","0","0%","0%"
"*06ids*","Adam Harrison","NEW","G","667","FA","WHU Sun 12:30PM","0","0","0%","0%"
"*072gz*","Ronnie Hollingshead","AVL","G","687","W <small>(Thu)</small>","LIV 2<br/>@AVL 4 F","0","0","0%","0%"
"*06kx0*","Danny Imray","CRY","D","691","FA","@BRF Sun 10:00AM","0","0","0%","0%"
"*0746j*","Jackson Izquierdo","CRY","G","693","FA","@BRF Sun 10:00AM","0","0","0%","0%"
"*070ep*","Jayden Jones","SUN","M","697","FA","@EVE Sun 10:00AM","0","0","0%","0%"
"*073aa*","Mohamed Kone","AVL","M","709","W <small>(Thu)</small>","LIV 2<br/>@AVL 4 F","0","0","0%","0%"
"*070em*","Marley Leuluai","BUR","M","723","FA","@ARS Mon 3:00PM","0","0","0%","0%"
"*06mwx*","Conor McManus","BRF","M","742","FA","CRY Sun 10:00AM","0","0","0%","0%"
"*072jc*","Alfie McNally","FUL","G","743","FA","@WOL Sun 10:00AM","0","0","0%","0%"
"*06jfh*","Max Merrick","CHE","G","747","FA","TOT Tue 3:15PM","0","0","0%","0%"
"*06v0r*","Ben Middlemas","SUN","M","751","FA","@EVE Sun 10:00AM","0","0","0%","0%"
"*0722r*","Rhys Oakley","AVL","G","777","W <small>(Thu)</small>","LIV 2<br/>@AVL 4 F","0","0","0%","0%"
"*06l53*","Temple Ojinnaka","WOL","M","781","FA","FUL Sun 10:00AM","0","0","0%","0%"
"*072lp*","Malik Olayiwola","EVE","M","783","FA","SUN Sun 10:00AM","0","0","0%","0%"
"*06mwu*","Riley Owen","BRF","M","789","FA","CRY Sun 10:00AM","0","0","0%","0%"
"*072ce*","Carter Pinnington","LIV","D","803","W <small>(Thu)</small>","LIV 2<br/>@AVL 4 F","0","0","0%","0%"
"*072cd*","Nils Ramming","BHA","G","813","FA","@LEE Sun 10:00AM","0","0","0%","0%"
"*0620k*","Nayef Aguerd","WHU","D","915","FA","@NEW Sun 12:30PM","-0.5","-0.25","0%","0%"
"*06r9v*","Andres Garcia","AVL","D","916","W <small>(Thu)</small>","LIV 2<br/>@AVL 4 F","-1.25","-0.25","0%","0%"
"*06jfe*","Hakon Valdimarsson","BRF","G","917","FA","CRY Sun 10:00AM","-2","-2","0%","0%"
"*05746*","Emil Krafth","NEW","D","918","FA","WHU Sun 12:30PM","-2.25","-2.25","0%","0%"
