"Player","Team","Position","Type","Team","Date (EDT)","Gameweek"
"Kurt Zouma","EVE","D","Claim","2 More Years of Fellaini","Mon Apr 8, 2019, 8:22PM","34"
"Jean Michael Seri","FUL","M","Drop","2 More Years of Fellaini","Mon Apr 8, 2019, 8:22PM","34"
"Callum Hudson-Odoi","CHE","F","Claim","2 More Years of Fellaini","Mon Apr 8, 2019, 8:19PM","34"
"Robert Snodgrass","WHU","M","Drop","2 More Years of Fellaini","Mon Apr 8, 2019, 8:19PM","34"
"Ruben Loftus-Cheek","CHE","M","Claim","2 More Years of Fellaini","Mon Apr 8, 2019, 8:18PM","34"
"Ander Herrera","MUN","M","Drop","2 More Years of Fellaini","Mon Apr 8, 2019, 8:18PM","34"
"Wes Morgan","LEI","D","Claim","Sturridge's Comeback Tour","Tue Apr 2, 2019, 6:32AM","33"
"Denis Suárez","MCI/ARS","M","Drop","Sturridge's Comeback Tour","Tue Apr 2, 2019, 6:32AM","33"
"Chris Smalling","MUN","D","Claim","2 More Years of Fellaini","Sat Mar 30, 2019, 10:09AM","32"
"Diogo Dalot","MUN","D","Drop","2 More Years of Fellaini","Sat Mar 30, 2019, 10:09AM","32"
"Ander Herrera","MUN","M","Claim","2 More Years of Fellaini","Sat Mar 30, 2019, 10:05AM","32"
"Matt Targett","SOU","D","Drop","2 More Years of Fellaini","Sat Mar 30, 2019, 10:05AM","32"
"Jordan Pickford","EVE","G","Claim","Tim's Team","Mon Mar 25, 2019, 1:45PM","32"
"Martin Dubravka","NEW","G","Drop","Tim's Team","Mon Mar 25, 2019, 1:45PM","32"
"Joseph Gomez","LIV","D","Claim","Ashley notso Young","Mon Mar 18, 2019, 3:41PM","32"
"Jon Gorenc Stankovic","HUD","D","Drop","Ashley notso Young","Mon Mar 18, 2019, 3:41PM","32"
"Jon Gorenc Stankovic","HUD","D","Claim","Ashley notso Young","Thu Mar 14, 2019, 4:58PM","31"
"Ryan Bennett","WOL","D","Drop","Ashley notso Young","Thu Mar 14, 2019, 4:58PM","31"
"Yan Valery","SOU","D","Claim","Ashley notso Young","Thu Mar 14, 2019, 4:54PM","31"
"Nathaniel Clyne","LIV/BOU","D","Drop","Ashley notso Young","Thu Mar 14, 2019, 4:54PM","31"
"Harvey Barnes","LEI","M","Claim","2 More Years of Fellaini","Wed Mar 13, 2019, 4:33PM","31"
"Ander Herrera","MUN","M","Drop","2 More Years of Fellaini","Wed Mar 13, 2019, 4:33PM","31"
"Youri Tielemans","LEI","M","Claim","2 More Years of Fellaini","Sat Mar 9, 2019, 11:33AM","31"
"Harvey Barnes","LEI","M","Drop","2 More Years of Fellaini","Sat Mar 9, 2019, 11:33AM","31"
"Ander Herrera","MUN","M","Claim","2 More Years of Fellaini","Fri Mar 8, 2019, 6:29PM","30"
"Emerson","CHE","D","Drop","2 More Years of Fellaini","Fri Mar 8, 2019, 6:29PM","30"
"Diogo Dalot","MUN","D","Claim","2 More Years of Fellaini","Fri Mar 8, 2019, 6:28PM","30"
"Chris Smalling","MUN","D","Drop","2 More Years of Fellaini","Fri Mar 8, 2019, 6:28PM","30"
"Riyad Mahrez","MCI","M","Claim","Ashley notso Young","Tue Mar 5, 2019, 2:00PM","30"
"Alexis Sánchez","MUN","F","Drop","Ashley notso Young","Tue Mar 5, 2019, 2:00PM","30"
"Emerson","CHE","D","Claim","2 More Years of Fellaini","Sun Mar 3, 2019, 8:54AM","29"
"Kurt Zouma","EVE","D","Drop","2 More Years of Fellaini","Sun Mar 3, 2019, 8:54AM","29"
"Vincent Kompany","MCI","D","Drop","Sturridge's Comeback Tour","Sat Mar 2, 2019, 9:42AM","29"
"Idrissa Gueye","EVE","M","Claim","Tim's Team","Thu Feb 28, 2019, 5:37PM","29"
"Bernard","EVE","M","Drop","Tim's Team","Thu Feb 28, 2019, 5:37PM","29"
"Chris Smalling","MUN","D","Claim","2 More Years of Fellaini","Wed Feb 27, 2019, 2:14PM","28"
"Daryl Janmaat","WAT","D","Drop","2 More Years of Fellaini","Wed Feb 27, 2019, 2:14PM","28"
"Vincent Kompany","MCI","D","Claim","Sturridge's Comeback Tour","Wed Feb 27, 2019, 8:23AM","28"
"Oleksandr Zinchenko","MCI","M","Claim","Sturridge's Comeback Tour","Wed Feb 27, 2019, 8:23AM","28"
"Fernando Llorente","TOT","F","Drop","Sturridge's Comeback Tour","Wed Feb 27, 2019, 8:21AM","28"
"Ander Herrera","MUN","M","Drop","Sturridge's Comeback Tour","Wed Feb 27, 2019, 8:21AM","28"
"James McArthur","CRY","M","Claim","Tim's Team","Tue Feb 26, 2019, 8:16PM","28"
"Riyad Mahrez","MCI","M","Drop","Tim's Team","Tue Feb 26, 2019, 8:16PM","28"
"Jeffrey Schlupp","CRY","D","Claim","Culture Change","Mon Feb 25, 2019, 11:27PM","28"
"Peter Crouch","STK/BUR","F","Drop","Culture Change","Mon Feb 25, 2019, 11:27PM","28"
"Isaac Hayden","NEW","M","Claim","Culture Change","Mon Feb 25, 2019, 11:24PM","28"
"Harry Winks","TOT","M","Drop","Culture Change","Mon Feb 25, 2019, 11:24PM","28"
"Harvey Barnes","LEI","M","Claim","2 More Years of Fellaini","Sun Feb 24, 2019, 6:37PM","28"
"Youri Tielemans","LEI","M","Drop","2 More Years of Fellaini","Sun Feb 24, 2019, 6:37PM","28"
"Daryl Janmaat","WAT","D","Claim","2 More Years of Fellaini","Tue Feb 12, 2019, 2:00PM","27"
"Idrissa Gueye","EVE","M","Drop","2 More Years of Fellaini","Tue Feb 12, 2019, 2:00PM","27"
"Fernando Llorente","TOT","F","Claim","Sturridge's Comeback Tour","Tue Feb 12, 2019, 2:00PM","27"
"Xherdan Shaqiri","LIV","F","Drop","Sturridge's Comeback Tour","Tue Feb 12, 2019, 2:00PM","27"
"Joel Matip","LIV","D","Claim","Sturridge's Comeback Tour","Mon Feb 11, 2019, 7:47PM","27"
"Fernando Llorente","TOT","F","Drop","Sturridge's Comeback Tour","Mon Feb 11, 2019, 7:47PM","27"
"Laurent Koscielny","ARS","D","Claim","Sturridge's Comeback Tour","Mon Feb 11, 2019, 7:43PM","27"
"Joseph Gomez","LIV","D","Drop","Sturridge's Comeback Tour","Mon Feb 11, 2019, 7:43PM","27"
"Manuel Lanzini","WHU","M","Claim","Sturridge's Comeback Tour","Thu Feb 7, 2019, 11:14AM","26"
"Daryl Janmaat","WAT","D","Drop","Sturridge's Comeback Tour","Thu Feb 7, 2019, 11:14AM","26"
"Leander Dendoncker","WOL","M","Claim","Culture Change","Wed Feb 6, 2019, 6:52PM","26"
"Christopher Schindler","HUD","D","Drop","Culture Change","Wed Feb 6, 2019, 6:52PM","26"
"Rui Patrício","WOL","G","Claim","Sturridge's Comeback Tour","Wed Feb 6, 2019, 2:34PM","26"
"Jordan Pickford","EVE","G","Drop","Sturridge's Comeback Tour","Wed Feb 6, 2019, 2:34PM","26"
"Idrissa Gueye","EVE","M","Claim","2 More Years of Fellaini","Wed Feb 6, 2019, 1:53PM","26"
"André Gomes","EVE","M","Drop","2 More Years of Fellaini","Wed Feb 6, 2019, 1:53PM","26"
"Lukasz Fabianski","WHU","G","Claim","Ashley notso Young","Tue Feb 5, 2019, 2:00PM","26"
"Artur Boruc","BOU","G","Drop","Ashley notso Young","Tue Feb 5, 2019, 2:00PM","26"
"Peter Crouch","STK/BUR","F","Claim","Culture Change","Tue Feb 5, 2019, 2:00PM","26"
"James McArthur","CRY","M","Drop","Culture Change","Tue Feb 5, 2019, 2:00PM","26"
"Youri Tielemans","LEI","M","Claim","2 More Years of Fellaini","Tue Feb 5, 2019, 2:00PM","26"
"Phil Jones","MUN","D","Drop","2 More Years of Fellaini","Tue Feb 5, 2019, 2:00PM","26"
"Denis Suárez","MCI/ARS","M","Claim","Sturridge's Comeback Tour","Tue Feb 5, 2019, 2:00PM","26"
"Ben Mee","BUR","D","Drop","Sturridge's Comeback Tour","Tue Feb 5, 2019, 2:00PM","26"
"Miguel Almiron","NEW","M","Claim","Ashley notso Young","Tue Feb 5, 2019, 2:00PM","26"
"Aaron Ramsey","ARS","M","Drop","Ashley notso Young","Tue Feb 5, 2019, 2:00PM","26"
"Michy Batshuayi","CHE/CRY","F","Claim","Culture Change","Tue Feb 5, 2019, 2:00PM","26"
"Joselu","NEW","F","Drop","Culture Change","Tue Feb 5, 2019, 2:00PM","26"
"André Gomes","EVE","M","Claim","2 More Years of Fellaini","Tue Feb 5, 2019, 12:49PM","26"
"Junior Stanislas","BOU","M","Drop","2 More Years of Fellaini","Tue Feb 5, 2019, 12:49PM","26"
"Artur Boruc","BOU","G","Claim","Ashley notso Young","Sat Feb 2, 2019, 11:53AM","25"
"Lukasz Fabianski","WHU","G","Drop","Ashley notso Young","Sat Feb 2, 2019, 11:53AM","25"
"Ryan Babel","FUL","M","Claim","Ashley notso Young","Fri Feb 1, 2019, 3:53PM","25"
"Toby Alderweireld","TOT","D","Drop","Ashley notso Young","Fri Feb 1, 2019, 3:53PM","25"
"Calum Chambers","FUL","D","Claim","Tim's Team","Thu Jan 31, 2019, 11:36AM","25"
"Mario Lemina","SOU","M","Drop","Tim's Team","Thu Jan 31, 2019, 11:36AM","25"
"Junior Stanislas","BOU","M","Claim","2 More Years of Fellaini","Wed Jan 30, 2019, 6:11PM","25"
"Danilo","MCI","D","Drop","2 More Years of Fellaini","Wed Jan 30, 2019, 6:11PM","25"
"Danilo","MCI","D","Claim","2 More Years of Fellaini","Tue Jan 29, 2019, 2:36PM","24"
"Ademola Lookman","EVE","F","Drop","2 More Years of Fellaini","Tue Jan 29, 2019, 2:36PM","24"
"Gonzalo Higuaín","CHE","F","Claim","Team I_am_Tim","Tue Jan 29, 2019, 2:00PM","24"
"Juan Foyth","TOT","D","Drop","Team I_am_Tim","Tue Jan 29, 2019, 2:00PM","24"
"Fabian Schar","NEW","D","Claim","2 More Years of Fellaini","Mon Jan 28, 2019, 3:25PM","24"
"Naby Keita","LIV","M","Drop","2 More Years of Fellaini","Mon Jan 28, 2019, 3:25PM","24"
"James Ward-Prowse","SOU","M","Claim","2 More Years of Fellaini","Mon Jan 21, 2019, 11:38AM","24"
"Fabian Balbuena","WHU","D","Drop","2 More Years of Fellaini","Mon Jan 21, 2019, 11:38AM","24"
"Ademola Lookman","EVE","F","Claim","2 More Years of Fellaini","Sat Jan 19, 2019, 9:02AM","23"
"Junior Stanislas","BOU","M","Drop","2 More Years of Fellaini","Sat Jan 19, 2019, 9:02AM","23"
"Harry Winks","TOT","M","Claim","Culture Change","Sat Jan 19, 2019, 9:00AM","23"
"Joe Ralls","CAR","M","Drop","Culture Change","Sat Jan 19, 2019, 9:00AM","23"
"Victor Lindelof","MUN","D","Claim","Culture Change","Sat Jan 19, 2019, 8:58AM","23"
"DeAndre Yedlin","NEW","D","Drop","Culture Change","Sat Jan 19, 2019, 8:58AM","23"
"Daryl Janmaat","WAT","D","Claim","Sturridge's Comeback Tour","Fri Jan 18, 2019, 11:19PM","23"
"Fernando Llorente","TOT","F","Claim","Sturridge's Comeback Tour","Fri Jan 18, 2019, 11:16PM","23"
"Will Hughes","WAT","M","Drop","Sturridge's Comeback Tour","Fri Jan 18, 2019, 11:13PM","23"
"Fabian Delph","MCI","M","Drop","Sturridge's Comeback Tour","Fri Jan 18, 2019, 11:12PM","23"
"Jordan Pickford","EVE","G","Claim","Sturridge's Comeback Tour","Fri Jan 18, 2019, 11:10PM","23"
"Jonas Lossl","HUD","G","Drop","Sturridge's Comeback Tour","Fri Jan 18, 2019, 11:10PM","23"
"Ashley Barnes","BUR","F","Claim","Tim's Team","Fri Jan 18, 2019, 8:45AM","23"
"Chris Smalling","MUN","D","Drop","Tim's Team","Fri Jan 18, 2019, 8:45AM","23"
"Kurt Zouma","EVE","D","Claim","2 More Years of Fellaini","Mon Jan 14, 2019, 8:31PM","23"
"Dominic Solanke","LIV/BOU","F","Drop","2 More Years of Fellaini","Mon Jan 14, 2019, 8:31PM","23"
"Will Hughes","WAT","M","Claim","Sturridge's Comeback Tour","Sat Jan 12, 2019, 9:43AM","22"
"Demarai Gray","LEI","M","Drop","Sturridge's Comeback Tour","Sat Jan 12, 2019, 9:43AM","22"
"Junior Stanislas","BOU","M","Claim","2 More Years of Fellaini","Sat Jan 12, 2019, 9:39AM","22"
"Cédric Soares","SOU","D","Drop","2 More Years of Fellaini","Sat Jan 12, 2019, 9:39AM","22"
"Ben Mee","BUR","D","Claim","Sturridge's Comeback Tour","Sat Jan 12, 2019, 9:36AM","22"
"Fabian Schar","NEW","D","Drop","Sturridge's Comeback Tour","Sat Jan 12, 2019, 9:36AM","22"
"Jonas Lossl","HUD","G","Claim","Sturridge's Comeback Tour","Sat Jan 12, 2019, 9:33AM","22"
"Rui Patrício","WOL","G","Drop","Sturridge's Comeback Tour","Sat Jan 12, 2019, 9:33AM","22"
"Samir Nasri","MCI/WHU","M","Claim","Culture Change","Sat Jan 12, 2019, 9:16AM","23"
"Jack Wilshere","WHU","M","Drop","Culture Change","Sat Jan 12, 2019, 9:16AM","23"
"Stuart Armstrong","SOU","M","Claim","Aubazette FC","Sat Jan 12, 2019, 2:07AM","22"
"Ben Davies","TOT","D","Drop","Aubazette FC","Sat Jan 12, 2019, 2:07AM","22"
"James McArthur","CRY","M","Claim","Culture Change","Fri Jan 11, 2019, 1:36PM","22"
"Cesc Fàbregas","CHE","M","Drop","Culture Change","Fri Jan 11, 2019, 1:34PM","22"
"Nathaniel Clyne","LIV/BOU","D","Claim","Ashley notso Young","Fri Jan 4, 2019, 2:10PM","22"
"Florent Hadergjonaj","HUD","D","Drop","Ashley notso Young","Fri Jan 4, 2019, 2:10PM","22"
"Dominic Solanke","LIV/BOU","F","Claim","2 More Years of Fellaini","Fri Jan 4, 2019, 11:08AM","22"
"Jurgen Locadia","BHA","F","Drop","2 More Years of Fellaini","Fri Jan 4, 2019, 11:08AM","22"
"Dwight McNeil","BUR","F","Claim","Ashley notso Young","Wed Jan 2, 2019, 4:59PM","22"
"Jonathan Hogg","HUD","M","Drop","Ashley notso Young","Wed Jan 2, 2019, 4:59PM","22"
"Rui Patrício","WOL","G","Claim","Sturridge's Comeback Tour","Wed Jan 2, 2019, 2:44PM","22"
"Alex McCarthy","SOU","G","Drop","Sturridge's Comeback Tour","Wed Jan 2, 2019, 2:44PM","22"
"Phil Jones","MUN","D","Claim","2 More Years of Fellaini","Wed Jan 2, 2019, 2:09PM","21"
"Kenedy","NEW","M","Drop","2 More Years of Fellaini","Wed Jan 2, 2019, 2:09PM","21"
"Cédric Soares","SOU","D","Claim","2 More Years of Fellaini","Wed Jan 2, 2019, 2:06PM","21"
"Daryl Janmaat","WAT","D","Drop","2 More Years of Fellaini","Wed Jan 2, 2019, 2:06PM","21"
"Ashley Westwood","BUR","M","Claim","Ashley notso Young","Wed Jan 2, 2019, 2:02PM","21"
"Fred","MUN","M","Drop","Ashley notso Young","Wed Jan 2, 2019, 2:02PM","21"
"Jurgen Locadia","BHA","F","Claim","2 More Years of Fellaini","Tue Jan 1, 2019, 9:32AM","21"
"Rui Patrício","WOL","G","Drop","2 More Years of Fellaini","Tue Jan 1, 2019, 9:32AM","21"
"Tom Heaton","BUR","G","Claim","2 More Years of Fellaini","Sun Dec 30, 2018, 1:09PM","21"
"Eric Bailly","MUN","D","Drop","2 More Years of Fellaini","Sun Dec 30, 2018, 1:09PM","21"
"Eric Bailly","MUN","D","Claim","2 More Years of Fellaini","Sun Dec 30, 2018, 10:31AM","20"
"Phil Jones","MUN","D","Drop","2 More Years of Fellaini","Sun Dec 30, 2018, 10:31AM","20"
"Jonathan Hogg","HUD","M","Claim","Ashley notso Young","Sat Dec 29, 2018, 9:58AM","20"
"Chicharito","WHU","F","Drop","Ashley notso Young","Sat Dec 29, 2018, 9:58AM","20"
"Daryl Janmaat","WAT","D","Claim","2 More Years of Fellaini","Sat Dec 29, 2018, 9:42AM","20"
"Dominic Calvert-Lewin","EVE","F","Drop","2 More Years of Fellaini","Sat Dec 29, 2018, 9:42AM","20"
"Fred","MUN","M","Claim","Ashley notso Young","Thu Dec 27, 2018, 11:14PM","20"
"James McArthur","CRY","M","Drop","Ashley notso Young","Thu Dec 27, 2018, 11:14PM","20"
"Phil Jones","MUN","D","Claim","2 More Years of Fellaini","Thu Dec 27, 2018, 10:57PM","20"
"Diogo Dalot","MUN","D","Drop","2 More Years of Fellaini","Thu Dec 27, 2018, 10:57PM","20"
"Dominic Calvert-Lewin","EVE","F","Claim","2 More Years of Fellaini","Wed Dec 26, 2018, 9:10AM","19"
"Ruben Loftus-Cheek","CHE","M","Drop","2 More Years of Fellaini","Wed Dec 26, 2018, 9:10AM","19"
"Diogo Dalot","MUN","D","Claim","2 More Years of Fellaini","Wed Dec 26, 2018, 9:03AM","19"
"Chris Löwe","HUD","D","Drop","2 More Years of Fellaini","Wed Dec 26, 2018, 9:03AM","19"
"James McArthur","CRY","M","Claim","Ashley notso Young","Mon Dec 24, 2018, 1:41PM","19"
"Ben Mee","BUR","D","Drop","Ashley notso Young","Mon Dec 24, 2018, 1:41PM","19"
"Salomón Rondón","NEW","F","Claim","Ry Rob's Team","Mon Dec 24, 2018, 11:41AM","19"
"Sam Vokes","BUR","F","Drop","Ry Rob's Team","Mon Dec 24, 2018, 11:41AM","19"
"Davinson Sanchez","TOT","D","Claim","Ry Rob's Team","Mon Dec 24, 2018, 11:33AM","19"
"Mohamed Elyounoussi","SOU","M","Drop","Ry Rob's Team","Mon Dec 24, 2018, 11:33AM","19"
"Fabian Schar","NEW","D","Claim","Sturridge's Comeback Tour","Sat Dec 22, 2018, 9:26AM","18"
"Oleksandr Zinchenko","MCI","M","Drop","Sturridge's Comeback Tour","Sat Dec 22, 2018, 9:22AM","18"
"Alex McCarthy","SOU","G","Claim","Sturridge's Comeback Tour","Sat Dec 22, 2018, 9:22AM","18"
"Jordan Pickford","EVE","G","Drop","Sturridge's Comeback Tour","Sat Dec 22, 2018, 9:22AM","18"
"Ruben Loftus-Cheek","CHE","M","Claim","2 More Years of Fellaini","Thu Dec 20, 2018, 2:30PM","18"
"André Gomes","EVE","M","Drop","2 More Years of Fellaini","Thu Dec 20, 2018, 2:30PM","18"
"Florent Hadergjonaj","HUD","D","Claim","Ashley notso Young","Tue Dec 18, 2018, 1:01PM","18"
"James McArthur","CRY","M","Drop","Ashley notso Young","Tue Dec 18, 2018, 1:01PM","18"
"Chris Löwe","HUD","D","Claim","2 More Years of Fellaini","Sat Dec 15, 2018, 11:09AM","18"
"Federico Fernandez","NEW","D","Drop","2 More Years of Fellaini","Sat Dec 15, 2018, 11:09AM","18"
"André Gomes","EVE","M","Claim","2 More Years of Fellaini","Tue Dec 11, 2018, 11:27AM","17"
"Moussa Sissoko","TOT","M","Drop","2 More Years of Fellaini","Tue Dec 11, 2018, 11:27AM","17"
"Matt Targett","SOU","D","Claim","2 More Years of Fellaini","Tue Dec 11, 2018, 11:13AM","17"
"Yerry Mina","EVE","D","Drop","2 More Years of Fellaini","Tue Dec 11, 2018, 11:13AM","17"
"James McArthur","CRY","M","Claim","Ashley notso Young","Tue Dec 11, 2018, 11:12AM","17"
"Robbie Brady","BUR","M","Drop","Ashley notso Young","Tue Dec 11, 2018, 11:12AM","17"
"Chicharito","WHU","F","Claim","Ashley notso Young","Tue Dec 11, 2018, 10:08AM","17"
"Lucas Pérez","WHU","F","Drop","Ashley notso Young","Tue Dec 11, 2018, 10:08AM","17"
"Toby Alderweireld","TOT","D","Claim","Ashley notso Young","Sun Dec 9, 2018, 1:05PM","17"
"Florin Andone","BHA","F","Drop","Ashley notso Young","Sun Dec 9, 2018, 1:05PM","17"
"Solly March","BHA","M","Claim","Ry Rob's Team","Sat Dec 8, 2018, 9:34AM","16"
"James Ward-Prowse","SOU","M","Drop","Ry Rob's Team","Sat Dec 8, 2018, 9:34AM","16"
"Ander Herrera","MUN","M","Claim","Sturridge's Comeback Tour","Sat Dec 8, 2018, 9:15AM","16"
"Florent Hadergjonaj","HUD","D","Drop","Sturridge's Comeback Tour","Sat Dec 8, 2018, 9:14AM","16"
"Florin Andone","BHA","F","Claim","Ashley notso Young","Sat Dec 8, 2018, 12:06AM","16"
"Davinson Sanchez","TOT","D","Drop","Ashley notso Young","Sat Dec 8, 2018, 12:06AM","16"
"Lucas Pérez","WHU","F","Claim","Ashley notso Young","Sat Dec 8, 2018, 12:02AM","16"
"Will Hughes","WAT","M","Drop","Ashley notso Young","Sat Dec 8, 2018, 12:02AM","16"
"Lukasz Fabianski","WHU","G","Claim","Ashley notso Young","Sat Dec 8, 2018, 12:01AM","16"
"Mat Ryan","BHA","G","Drop","Ashley notso Young","Sat Dec 8, 2018, 12:01AM","16"
"Danny Rose","TOT","D","Claim","2 More Years of Fellaini","Wed Dec 5, 2018, 4:01PM","16"
"Serge Aurier","TOT","D","Drop","2 More Years of Fellaini","Wed Dec 5, 2018, 4:01PM","16"
"Robert Snodgrass","WHU","M","Claim","2 More Years of Fellaini","Tue Dec 4, 2018, 4:52PM","16"
"Jonathan Hogg","HUD","M","Drop","2 More Years of Fellaini","Tue Dec 4, 2018, 4:52PM","16"
"Fabian Balbuena","WHU","D","Claim","2 More Years of Fellaini","Tue Dec 4, 2018, 2:00PM","15"
"Isaac Success Ajayi","WAT","F","Drop","2 More Years of Fellaini","Tue Dec 4, 2018, 2:00PM","15"
"Bernard","EVE","M","Claim","Tim's Team","Tue Dec 4, 2018, 2:00PM","15"
"Idrissa Gueye","EVE","M","Drop","Tim's Team","Tue Dec 4, 2018, 2:00PM","15"
"Moussa Sissoko","TOT","M","Claim","2 More Years of Fellaini","Sun Dec 2, 2018, 8:58AM","14"
"Danny Rose","TOT","D","Drop","2 More Years of Fellaini","Sun Dec 2, 2018, 8:58AM","14"
"Florent Hadergjonaj","HUD","D","Claim","Sturridge's Comeback Tour","Sat Dec 1, 2018, 9:51AM","14"
"Chris Löwe","HUD","D","Drop","Sturridge's Comeback Tour","Sat Dec 1, 2018, 9:51AM","14"
"Isaac Success Ajayi","WAT","F","Claim","2 More Years of Fellaini","Sat Dec 1, 2018, 9:20AM","14"
"Bernard","EVE","M","Drop","2 More Years of Fellaini","Sat Dec 1, 2018, 9:20AM","14"
"Jonathan Hogg","HUD","M","Claim","2 More Years of Fellaini","Thu Nov 29, 2018, 10:41PM","14"
"Fabian Balbuena","WHU","D","Drop","2 More Years of Fellaini","Thu Nov 29, 2018, 10:41PM","14"
"Yerry Mina","EVE","D","Claim","2 More Years of Fellaini","Sat Nov 24, 2018, 9:49AM","13"
"Isaac Success Ajayi","WAT","F","Drop","2 More Years of Fellaini","Sat Nov 24, 2018, 9:49AM","13"
"Federico Fernandez","NEW","D","Claim","2 More Years of Fellaini","Sat Nov 24, 2018, 9:43AM","13"
"Adama Traore","WOL","F","Drop","2 More Years of Fellaini","Sat Nov 24, 2018, 9:43AM","13"
"Serge Aurier","TOT","D","Claim","2 More Years of Fellaini","Fri Nov 23, 2018, 9:15AM","13"
"Francisco Femenia Far","WAT","D","Drop","2 More Years of Fellaini","Fri Nov 23, 2018, 9:15AM","13"
"Juan Foyth","TOT","D","Claim","Team I_am_Tim","Sat Nov 17, 2018, 5:38PM","13"
"Cédric Soares","SOU","D","Drop","Team I_am_Tim","Sat Nov 17, 2018, 5:38PM","13"
"Fabian Delph","MCI","M","Claim","Sturridge's Comeback Tour","Wed Nov 14, 2018, 8:01PM","13"
"Oleksandr Zinchenko","MCI","M","Claim","Sturridge's Comeback Tour","Wed Nov 14, 2018, 8:01PM","13"
"Fred","MUN","M","Drop","Sturridge's Comeback Tour","Wed Nov 14, 2018, 8:01PM","13"
"Jordan Pickford","EVE","G","Claim","Sturridge's Comeback Tour","Tue Nov 13, 2018, 7:42PM","13"
"Lukasz Fabianski","WHU","G","Drop","Sturridge's Comeback Tour","Tue Nov 13, 2018, 7:42PM","13"
"Steve Mounie","HUD","F","Claim","Team I_am_Tim","Sun Nov 11, 2018, 1:29PM","13"
"Charlie Austin","SOU","F","Drop","Team I_am_Tim","Sun Nov 11, 2018, 11:31AM","13"
"Isaac Success Ajayi","WAT","F","Claim","2 More Years of Fellaini","Sat Nov 10, 2018, 9:10AM","12"
"Kelechi Iheanacho","LEI","F","Drop","2 More Years of Fellaini","Sat Nov 10, 2018, 9:10AM","12"
"Christopher Schindler","HUD","D","Claim","Culture Change","Sat Nov 10, 2018, 8:17AM","12"
"Mamadou Sakho","CRY","D","Drop","Culture Change","Sat Nov 10, 2018, 8:17AM","12"
"Marouane Fellaini","MUN","M","Drop","Culture Change","Sat Nov 10, 2018, 8:16AM","12"
"Lewis Dunk","BHA","D","Claim","Culture Change","Sat Nov 10, 2018, 8:13AM","13"
"Mamadou Sakho","CRY","D","Drop","Culture Change","Sat Nov 10, 2018, 8:13AM","13"
"Mario Lemina","SOU","M","Claim","Tim's Team","Wed Nov 7, 2018, 10:33AM","12"
"Tom Cairney","FUL","M","Drop","Tim's Team","Wed Nov 7, 2018, 10:33AM","12"
"Chris Smalling","MUN","D","Claim","Tim's Team","Wed Nov 7, 2018, 10:32AM","12"
"Toby Alderweireld","TOT","D","Drop","Tim's Team","Wed Nov 7, 2018, 10:32AM","12"
"Mat Ryan","BHA","G","Claim","Ashley notso Young","Wed Nov 7, 2018, 12:55AM","12"
"Wayne Hennessey","CRY","G","Drop","Ashley notso Young","Wed Nov 7, 2018, 12:55AM","12"
"Seamus Coleman","EVE","D","Claim","Blake's Team","Tue Nov 6, 2018, 2:00PM","12"
"Andriy Yarmolenko","WHU","F","Drop","Blake's Team","Tue Nov 6, 2018, 2:00PM","12"
"Victor Camarasa","CAR","M","Claim","2 More Years of Fellaini","Mon Nov 5, 2018, 10:15PM","12"
"Kurt Zouma","EVE","D","Drop","2 More Years of Fellaini","Mon Nov 5, 2018, 10:15PM","12"
"James Ward-Prowse","SOU","M","Claim","Ry Rob's Team","Sun Nov 4, 2018, 9:30AM","11"
"Steve Mounie","HUD","F","Drop","Ry Rob's Team","Sun Nov 4, 2018, 9:30AM","11"
"Kurt Zouma","EVE","D","Claim","2 More Years of Fellaini","Sat Nov 3, 2018, 10:31AM","11"
"Christian Kabasele","WAT","D","Drop","2 More Years of Fellaini","Sat Nov 3, 2018, 10:31AM","11"
"Francisco Femenia Far","WAT","D","Claim","2 More Years of Fellaini","Sat Nov 3, 2018, 10:10AM","11"
"Adam Masina","WAT","D","Drop","2 More Years of Fellaini","Sat Nov 3, 2018, 10:10AM","11"
"Adam Masina","WAT","D","Claim","2 More Years of Fellaini","Tue Oct 30, 2018, 2:35PM","11"
"Alberto Moreno","LIV","D","Drop","2 More Years of Fellaini","Tue Oct 30, 2018, 2:35PM","11"
"Robbie Brady","BUR","M","Claim","Ashley notso Young","Tue Oct 30, 2018, 2:00PM","11"
"Seamus Coleman","EVE","D","Drop","Ashley notso Young","Tue Oct 30, 2018, 2:00PM","11"
"Ayoze Perez","NEW","F","Claim","Aubazette FC","Tue Oct 30, 2018, 12:59PM","11"
"Aaron Lennon","BUR","M","Drop","Aubazette FC","Tue Oct 30, 2018, 12:59PM","11"
"Alberto Moreno","LIV","D","Claim","2 More Years of Fellaini","Sat Oct 27, 2018, 9:59AM","11"
"Adam Masina","WAT","D","Drop","2 More Years of Fellaini","Sat Oct 27, 2018, 9:59AM","11"
"Adam Masina","WAT","D","Claim","2 More Years of Fellaini","Sat Oct 27, 2018, 9:56AM","10"
"Jonjoe Kenny","EVE","D","Drop","2 More Years of Fellaini","Sat Oct 27, 2018, 9:56AM","10"
"Georginio Wijnaldum","LIV","M","Drop","Sturridge's Comeback Tour","Fri Oct 26, 2018, 4:54PM","10"
"Seamus Coleman","EVE","D","Claim","Ashley notso Young","Wed Oct 24, 2018, 6:54PM","10"
"Robbie Brady","BUR","M","Drop","Ashley notso Young","Wed Oct 24, 2018, 6:54PM","10"
"Fabian Balbuena","WHU","D","Claim","2 More Years of Fellaini","Tue Oct 23, 2018, 2:00PM","10"
"Vincent Kompany","MCI","D","Drop","2 More Years of Fellaini","Tue Oct 23, 2018, 2:00PM","10"
"Charlie Austin","SOU","F","Claim","Team I_am_Tim","Tue Oct 23, 2018, 12:46PM","10"
"Hélder Costa","WOL","F","Drop","Team I_am_Tim","Tue Oct 23, 2018, 12:46PM","10"
"Ross Barkley","CHE","M","Claim","Team I_am_Tim","Tue Oct 23, 2018, 8:21AM","10"
"Chicharito","WHU","F","Drop","Team I_am_Tim","Tue Oct 23, 2018, 8:21AM","10"
"Daryl Janmaat","WAT","D","Drop","Romelu Bukake","Sat Oct 20, 2018, 1:50PM","10"
"Vincent Kompany","MCI","D","Claim","2 More Years of Fellaini","Sat Oct 20, 2018, 9:41AM","9"
"Fabian Balbuena","WHU","D","Drop","2 More Years of Fellaini","Sat Oct 20, 2018, 9:41AM","9"
"Kenedy","NEW","M","Claim","2 More Years of Fellaini","Sat Oct 20, 2018, 9:09AM","9"
"Junior Stanislas","BOU","M","Drop","2 More Years of Fellaini","Sat Oct 20, 2018, 9:09AM","9"
"Anthony Martial","MUN","F","Claim","Ashley notso Young","Mon Oct 15, 2018, 8:04AM","9"
"Chris Smalling","MUN","D","Drop","Ashley notso Young","Mon Oct 15, 2018, 8:04AM","9"
"Chris Löwe","HUD","D","Claim","Sturridge's Comeback Tour","Sat Oct 13, 2018, 3:54PM","9"
"Yerry Mina","EVE","D","Drop","Sturridge's Comeback Tour","Sat Oct 13, 2018, 3:54PM","9"
"Xherdan Shaqiri","LIV","F","Claim","Sturridge's Comeback Tour","Sat Oct 13, 2018, 3:52PM","9"
"David Brooks","BOU","M","Claim","Tim's Team","Thu Oct 11, 2018, 5:07PM","9"
"Ayoze Perez","NEW","F","Drop","Tim's Team","Thu Oct 11, 2018, 5:07PM","9"
"Martin Dubravka","NEW","G","Claim","Tim's Team","Thu Oct 11, 2018, 5:06PM","9"
"Alex McCarthy","SOU","G","Drop","Tim's Team","Thu Oct 11, 2018, 5:06PM","9"
"Ilkay Gundogan","MCI","M","Claim","Ry Rob's Team","Tue Oct 9, 2018, 2:00PM","9"
"Ivan Cavaleiro","WOL","F","Drop","Ry Rob's Team","Tue Oct 9, 2018, 2:00PM","9"
"Diogo Jota","WOL","M","Claim","Blake's Team","Tue Oct 9, 2018, 2:00PM","9"
"Matteo Darmian","MUN","D","Drop","Blake's Team","Tue Oct 9, 2018, 2:00PM","9"
"Dejan Lovren","LIV","D","Claim","Ry Rob's Team","Sun Oct 7, 2018, 11:11AM","8"
"Ilkay Gundogan","MCI","M","Drop","Ry Rob's Team","Sun Oct 7, 2018, 11:11AM","8"
"Bernard","EVE","M","Claim","2 More Years of Fellaini","Sat Oct 6, 2018, 9:15AM","8"
"Kenedy","NEW","M","Drop","2 More Years of Fellaini","Sat Oct 6, 2018, 9:15AM","8"
"DeAndre Yedlin","NEW","D","Claim","Culture Change","Sat Oct 6, 2018, 12:40AM","8"
"Adam Smith","BOU","D","Drop","Culture Change","Sat Oct 6, 2018, 12:40AM","8"
"Alex Iwobi","ARS","M","Claim","Blake's Team","Thu Oct 4, 2018, 11:37AM","8"
"Manuel Lanzini","WHU","M","Drop","Blake's Team","Thu Oct 4, 2018, 11:37AM","8"
"Pablo Zabaleta","WHU","D","Claim","Blake's Team","Thu Oct 4, 2018, 11:28AM","8"
"Leighton Baines","EVE","D","Drop","Blake's Team","Thu Oct 4, 2018, 11:28AM","8"
"Ivan Cavaleiro","WOL","F","Claim","Ry Rob's Team","Thu Oct 4, 2018, 8:21AM","8"
"Diogo Jota","WOL","M","Drop","Ry Rob's Team","Thu Oct 4, 2018, 8:21AM","8"
"Aaron Lennon","BUR","M","Claim","Aubazette FC","Wed Oct 3, 2018, 8:59PM","8"
"Matteo Guendouzi","ARS","M","Drop","Aubazette FC","Wed Oct 3, 2018, 8:59PM","8"
"Toby Alderweireld","TOT","D","Claim","Tim's Team","Tue Oct 2, 2018, 8:14PM","8"
"Charlie Daniels","BOU","D","Drop","Tim's Team","Tue Oct 2, 2018, 8:14PM","8"
"Sam Vokes","BUR","F","Claim","Ry Rob's Team","Sun Sep 30, 2018, 12:37PM","8"
"Dominic Calvert-Lewin","EVE","F","Drop","Ry Rob's Team","Sun Sep 30, 2018, 12:37PM","8"
"Hélder Costa","WOL","F","Claim","Team I_am_Tim","Sat Sep 29, 2018, 9:46AM","7"
"Simon Francis","BOU","D","Drop","Team I_am_Tim","Sat Sep 29, 2018, 9:46AM","7"
"Dominic Calvert-Lewin","EVE","F","Claim","Ry Rob's Team","Sat Sep 29, 2018, 9:42AM","7"
"Toby Alderweireld","TOT","D","Drop","Ry Rob's Team","Sat Sep 29, 2018, 9:41AM","7"
"Danny Rose","TOT","D","Claim","2 More Years of Fellaini","Sat Sep 29, 2018, 9:12AM","7"
"Martin Montoya","BHA","D","Drop","2 More Years of Fellaini","Sat Sep 29, 2018, 9:12AM","7"
"Fabian Balbuena","WHU","D","Claim","2 More Years of Fellaini","Sat Sep 29, 2018, 8:25AM","8"
"Jannik Vestergaard","SOU","D","Drop","2 More Years of Fellaini","Sat Sep 29, 2018, 8:25AM","8"
"Junior Stanislas","BOU","M","Claim","2 More Years of Fellaini","Wed Sep 26, 2018, 3:05PM","7"
"Fabian Delph","MCI","M","Drop","2 More Years of Fellaini","Wed Sep 26, 2018, 3:05PM","7"
"Diogo Jota","WOL","M","Claim","Ry Rob's Team","Tue Sep 25, 2018, 2:00PM","7"
"Mario Lemina","SOU","M","Drop","Ry Rob's Team","Tue Sep 25, 2018, 2:00PM","7"
"Erik Lamela","TOT","M","Claim","Team I_am_Tim","Sun Sep 23, 2018, 9:00PM","7"
"Aaron Cresswell","WHU","D","Drop","Team I_am_Tim","Sun Sep 23, 2018, 8:59PM","7"
"Ryan Bennett","WOL","D","Claim","Ashley notso Young","Sun Sep 23, 2018, 3:31PM","7"
"Jeffrey Schlupp","CRY","D","Drop","Ashley notso Young","Sun Sep 23, 2018, 3:31PM","7"
"Kelechi Iheanacho","LEI","F","Claim","2 More Years of Fellaini","Sat Sep 22, 2018, 11:42AM","7"
"Xherdan Shaqiri","LIV","F","Drop","2 More Years of Fellaini","Sat Sep 22, 2018, 11:42AM","7"
"Marouane Fellaini","MUN","M","Claim","Culture Change","Sat Sep 22, 2018, 9:27AM","6"
"Joe Bennett","CAR","D","Drop","Culture Change","Sat Sep 22, 2018, 9:27AM","6"
"Adam Smith","BOU","D","Claim","Culture Change","Sat Sep 22, 2018, 9:25AM","6"
"David Junior Hoilett","CAR","F","Drop","Culture Change","Sat Sep 22, 2018, 9:25AM","6"
"Xherdan Shaqiri","LIV","F","Claim","2 More Years of Fellaini","Sat Sep 22, 2018, 9:09AM","6"
"Diogo Jota","WOL","M","Drop","2 More Years of Fellaini","Sat Sep 22, 2018, 9:09AM","6"
"Fabian Delph","MCI","M","Claim","2 More Years of Fellaini","Sat Sep 22, 2018, 9:05AM","6"
"Rachid Ghezzal","LEI","M","Drop","2 More Years of Fellaini","Sat Sep 22, 2018, 9:05AM","6"
"Asmir Begovic","BOU","G","Claim","Firmino's 1st Friend","Sat Sep 22, 2018, 2:27AM","6"
"Dejan Lovren","LIV","D","Drop","Firmino's 1st Friend","Sat Sep 22, 2018, 2:27AM","6"
"Craig Cathcart","WAT","D","Claim","Firmino's 1st Friend","Sat Sep 22, 2018, 2:25AM","6"
"Charlie Austin","SOU","F","Drop","Firmino's 1st Friend","Sat Sep 22, 2018, 2:25AM","6"
"Ashley Young","MUN","D","Claim","Firmino's 1st Friend","Sat Sep 22, 2018, 2:24AM","6"
"Andreas Christensen","CHE","D","Drop","Firmino's 1st Friend","Sat Sep 22, 2018, 2:24AM","6"
"Mamadou Sakho","CRY","D","Claim","Culture Change","Fri Sep 21, 2018, 7:16PM","6"
"Nathan Ake","BOU","D","Drop","Culture Change","Fri Sep 21, 2018, 7:16PM","6"
"Martin Montoya","BHA","D","Claim","2 More Years of Fellaini","Wed Sep 19, 2018, 7:20PM","6"
"Alex Iwobi","ARS","M","Drop","2 More Years of Fellaini","Wed Sep 19, 2018, 7:20PM","6"
"Michail Antonio","WHU","M","Claim","Team I_am_Tim","Wed Sep 19, 2018, 2:14PM","6"
"Gary Madine","CAR","F","Drop","Team I_am_Tim","Wed Sep 19, 2018, 2:14PM","6"
"Jonjoe Kenny","EVE","D","Claim","2 More Years of Fellaini","Tue Sep 18, 2018, 9:45PM","6"
"Seamus Coleman","EVE","D","Drop","2 More Years of Fellaini","Tue Sep 18, 2018, 9:45PM","6"
"Andriy Yarmolenko","WHU","F","Claim","Blake's Team","Tue Sep 18, 2018, 2:00PM","6"
"Ruben Loftus-Cheek","CHE","M","Drop","Blake's Team","Tue Sep 18, 2018, 2:00PM","6"
"Andre Gray","WAT","F","Claim","Aubazette FC","Tue Sep 18, 2018, 12:14PM","6"
"Salomón Rondón","NEW","F","Drop","Aubazette FC","Tue Sep 18, 2018, 12:14PM","6"
"Nathan Redmond","SOU","M","Claim","Ry Rob's Team","Tue Sep 18, 2018, 8:08AM","6"
"Kelechi Iheanacho","LEI","F","Drop","Ry Rob's Team","Tue Sep 18, 2018, 8:08AM","6"
"Chris Smalling","MUN","D","Claim","Ashley notso Young","Mon Sep 17, 2018, 10:22PM","6"
"Michail Antonio","WHU","M","Drop","Ashley notso Young","Mon Sep 17, 2018, 10:22PM","6"
"Martin Dubravka","NEW","G","Drop","Sturridge's Comeback Tour","Mon Sep 17, 2018, 4:45PM","6"
"Georginio Wijnaldum","LIV","M","Claim","Sturridge's Comeback Tour","Mon Sep 17, 2018, 2:18PM","6"
"Bernard","EVE","M","Drop","Sturridge's Comeback Tour","Mon Sep 17, 2018, 2:18PM","6"
"Rachid Ghezzal","LEI","M","Claim","2 More Years of Fellaini","Sat Sep 15, 2018, 9:13AM","5"
"Dominic Calvert-Lewin","EVE","F","Drop","2 More Years of Fellaini","Sat Sep 15, 2018, 9:13AM","5"
"Philip Billing","HUD","M","Claim","Tim's Team","Fri Sep 14, 2018, 12:10PM","5"
"Moussa Sissoko","TOT","M","Drop","Tim's Team","Fri Sep 14, 2018, 12:09PM","5"
"Willy Boly","WOL","D","Claim","Tim's Team","Fri Sep 14, 2018, 12:06PM","5"
"Stephen Ward","BUR","D","Drop","Tim's Team","Fri Sep 14, 2018, 12:06PM","5"
"Pierre-Emile Hojbjerg","SOU","M","Claim","Sturridge's Comeback Tour","Tue Sep 11, 2018, 9:33PM","5"
"Andriy Yarmolenko","WHU","F","Drop","Sturridge's Comeback Tour","Tue Sep 11, 2018, 9:33PM","5"
"Lukasz Fabianski","WHU","G","Claim","Sturridge's Comeback Tour","Tue Sep 11, 2018, 9:31PM","5"
"Kurt Zouma","EVE","D","Drop","Sturridge's Comeback Tour","Tue Sep 11, 2018, 9:21PM","5"
"Joe Hart","BUR","G","Claim","Team I_am_Tim","Sat Sep 8, 2018, 10:20PM","5"
"Jordan Pickford","EVE","G","Drop","Team I_am_Tim","Sat Sep 8, 2018, 10:20PM","5"
"Cédric Soares","SOU","D","Claim","Team I_am_Tim","Sat Sep 8, 2018, 10:19PM","5"
"Xherdan Shaqiri","LIV","F","Drop","Team I_am_Tim","Sat Sep 8, 2018, 10:19PM","5"
"Wayne Hennessey","CRY","G","Claim","Ashley notso Young","Wed Sep 5, 2018, 4:17PM","5"
"Petr Cech","ARS","G","Drop","Ashley notso Young","Wed Sep 5, 2018, 4:17PM","5"
"Salomón Rondón","NEW","F","Claim","Aubazette FC","Tue Sep 4, 2018, 4:21PM","5"
"Chris Wood","BUR","F","Drop","Aubazette FC","Tue Sep 4, 2018, 4:21PM","5"
"Jonny","WOL","D","Claim","Ry Rob's Team","Mon Sep 3, 2018, 9:51PM","5"
"Bobby De Cordova-Reid","CAR","M","Drop","Ry Rob's Team","Mon Sep 3, 2018, 9:51PM","5"
"Dominic Calvert-Lewin","EVE","F","Claim","2 More Years of Fellaini","Sun Sep 2, 2018, 10:15PM","5"
"Marouane Fellaini","MUN","M","Drop","2 More Years of Fellaini","Sun Sep 2, 2018, 10:15PM","5"
"Marouane Fellaini","MUN","M","Claim","2 More Years of Fellaini","Sun Sep 2, 2018, 10:07AM","4"
"Serge Aurier","TOT","D","Drop","2 More Years of Fellaini","Sun Sep 2, 2018, 10:07AM","4"
"Bobby De Cordova-Reid","CAR","M","Claim","Ry Rob's Team","Sun Sep 2, 2018, 8:15AM","4"
"Josh Murphy","CAR","M","Drop","Ry Rob's Team","Sun Sep 2, 2018, 8:15AM","4"
"Josh Murphy","CAR","M","Claim","Ry Rob's Team","Sat Sep 1, 2018, 11:44AM","4"
"Matthew Lowton","BUR","D","Drop","Ry Rob's Team","Sat Sep 1, 2018, 11:44AM","4"
"Kurt Zouma","EVE","D","Claim","Sturridge's Comeback Tour","Sat Sep 1, 2018, 9:47AM","4"
"Anthony Martial","MUN","F","Drop","Sturridge's Comeback Tour","Sat Sep 1, 2018, 9:47AM","4"
"Etienne Capoue","WAT","M","Claim","Tim's Team","Sat Sep 1, 2018, 9:25AM","4"
"DeAndre Yedlin","NEW","D","Drop","Tim's Team","Sat Sep 1, 2018, 9:24AM","4"
"Petr Cech","ARS","G","Claim","Ashley notso Young","Tue Aug 28, 2018, 4:07PM","4"
"Joe Hart","BUR","G","Drop","Ashley notso Young","Tue Aug 28, 2018, 4:07PM","4"
"Rui Patrício","WOL","G","Claim","2 More Years of Fellaini","Tue Aug 28, 2018, 2:00PM","4"
"Wayne Hennessey","CRY","G","Drop","2 More Years of Fellaini","Tue Aug 28, 2018, 2:00PM","4"
"Joe Hart","BUR","G","Claim","Ashley notso Young","Tue Aug 28, 2018, 2:00PM","4"
"Petr Cech","ARS","G","Drop","Ashley notso Young","Tue Aug 28, 2018, 2:00PM","4"
"Mohamed Elyounoussi","SOU","M","Claim","Ry Rob's Team","Mon Aug 27, 2018, 10:52PM","4"
"Cheikhou Kouyate","CRY","M","Drop","Ry Rob's Team","Mon Aug 27, 2018, 10:52PM","4"
"Will Hughes","WAT","M","Claim","Ashley notso Young","Mon Aug 27, 2018, 10:08PM","4"
"Luciano Vietto","FUL","F","Claim","Romelu Bukake","Mon Aug 27, 2018, 10:05PM","4"
"Kenneth Zohore","CAR","F","Drop","Romelu Bukake","Mon Aug 27, 2018, 10:05PM","4"
"Ciaran Clark","NEW","D","Claim","Culture Change","Mon Aug 27, 2018, 6:26PM","4"
"Jack Stephens","SOU","D","Drop","Culture Change","Mon Aug 27, 2018, 6:26PM","4"
"Joe Bennett","CAR","D","Claim","Culture Change","Mon Aug 27, 2018, 6:22PM","4"
"Ashley Young","MUN","D","Drop","Culture Change","Mon Aug 27, 2018, 6:22PM","4"
"Luciano Vietto","FUL","F","Drop","Ashley notso Young","Mon Aug 27, 2018, 6:22PM","4"
"Christian Kabasele","WAT","D","Claim","2 More Years of Fellaini","Mon Aug 27, 2018, 6:16PM","4"
"Eric Bailly","MUN","D","Drop","2 More Years of Fellaini","Mon Aug 27, 2018, 6:16PM","4"
"Petr Cech","ARS","G","Claim","Ashley notso Young","Mon Aug 27, 2018, 6:10PM","4"
"Joe Hart","BUR","G","Drop","Ashley notso Young","Mon Aug 27, 2018, 6:10PM","4"
"Luciano Vietto","FUL","F","Claim","Ashley notso Young","Mon Aug 27, 2018, 6:08PM","4"
"Max Meyer","CRY","M","Drop","Ashley notso Young","Mon Aug 27, 2018, 6:08PM","4"
"Kenneth Zohore","CAR","F","Claim","Romelu Bukake","Sat Aug 25, 2018, 9:35AM","3"
"Bobby De Cordova-Reid","CAR","M","Drop","Romelu Bukake","Sat Aug 25, 2018, 9:34AM","3"
"Mario Lemina","SOU","M","Claim","Ry Rob's Team","Sat Aug 25, 2018, 9:17AM","3"
"James Ward-Prowse","SOU","M","Drop","Ry Rob's Team","Sat Aug 25, 2018, 9:17AM","3"
"Lucas Digne","EVE","D","Claim","Romelu Bukake","Fri Aug 24, 2018, 4:07PM","3"
"Victor Moses","CHE","D","Drop","Romelu Bukake","Fri Aug 24, 2018, 4:07PM","3"
"Wayne Hennessey","CRY","G","Claim","2 More Years of Fellaini","Fri Aug 24, 2018, 1:46PM","3"
"Rui Patrício","WOL","G","Drop","2 More Years of Fellaini","Fri Aug 24, 2018, 1:46PM","3"
"Alex McCarthy","SOU","G","Claim","Tim's Team","Fri Aug 24, 2018, 1:16PM","3"
"Lukasz Fabianski","WHU","G","Drop","Tim's Team","Fri Aug 24, 2018, 1:16PM","3"
"Joseph Gomez","LIV","D","Claim","Sturridge's Comeback Tour","Thu Aug 23, 2018, 9:15PM","3"
"Stephan Lichtsteiner","ARS","D","Drop","Sturridge's Comeback Tour","Thu Aug 23, 2018, 9:15PM","3"
"Cesc Fàbregas","CHE","M","Claim","Culture Change","Thu Aug 23, 2018, 9:15PM","3"
"Lewis Dunk","BHA","D","Drop","Culture Change","Thu Aug 23, 2018, 9:15PM","3"
"James Ward-Prowse","SOU","M","Claim","Ry Rob's Team","Thu Aug 23, 2018, 9:03PM","3"
"Eric Dier","TOT","M","Drop","Ry Rob's Team","Thu Aug 23, 2018, 9:03PM","3"
"Sean Morrison","CAR","D","Claim","Aubazette FC","Thu Aug 23, 2018, 12:36PM","3"
"Willy Boly","WOL","D","Drop","Aubazette FC","Thu Aug 23, 2018, 12:35PM","3"
"Matteo Guendouzi","ARS","M","Claim","Aubazette FC","Tue Aug 21, 2018, 10:20AM","3"
"Oriol Romeu","SOU","M","Drop","Aubazette FC","Tue Aug 21, 2018, 10:20AM","3"
"Michail Antonio","WHU","M","Claim","Ashley notso Young","Tue Aug 21, 2018, 10:18AM","3"
"Lucas Digne","EVE","D","Drop","Ashley notso Young","Tue Aug 21, 2018, 10:18AM","3"
"Neil Etheridge","CAR","G","Claim","Aubazette FC","Tue Aug 21, 2018, 10:15AM","3"
"Mat Ryan","BHA","G","Drop","Aubazette FC","Tue Aug 21, 2018, 10:15AM","3"
"Troy Deeney","WAT","F","Claim","Sturridge's Comeback Tour","Tue Aug 21, 2018, 10:00AM","3"
"Cesc Fàbregas","CHE","M","Drop","Sturridge's Comeback Tour","Tue Aug 21, 2018, 10:00AM","3"
"Alex Iwobi","ARS","M","Claim","2 More Years of Fellaini","Tue Aug 21, 2018, 10:00AM","3"
"Dominic Calvert-Lewin","EVE","F","Drop","2 More Years of Fellaini","Tue Aug 21, 2018, 10:00AM","3"
"Toby Alderweireld","TOT","D","Claim","Ry Rob's Team","Sat Aug 18, 2018, 9:36AM","2"
"Philip Billing","HUD","M","Drop","Ry Rob's Team","Sat Aug 18, 2018, 9:36AM","2"
"Philip Billing","HUD","M","Claim","Ry Rob's Team","Sat Aug 18, 2018, 9:32AM","2"
"Michail Antonio","WHU","M","Drop","Ry Rob's Team","Sat Aug 18, 2018, 9:32AM","2"
"Jack Wilshere","WHU","M","Claim","Culture Change","Fri Aug 17, 2018, 12:00AM","2"
"Sean Morrison","CAR","D","Drop","Culture Change","Fri Aug 17, 2018, 12:00AM","2"
"Ilkay Gundogan","MCI","M","Claim","Ry Rob's Team","Fri Aug 17, 2018, 12:00AM","2"
"Cédric Soares","SOU","D","Drop","Ry Rob's Team","Fri Aug 17, 2018, 12:00AM","2"
"Matteo Darmian","MUN","D","Claim","Blake's Team","Thu Aug 16, 2018, 10:17AM","2"
"Christopher Schindler","HUD","D","Drop","Blake's Team","Thu Aug 16, 2018, 10:17AM","2"
"Matthew Lowton","BUR","D","Claim","Ry Rob's Team","Wed Aug 15, 2018, 10:15AM","2"
"Hélder Costa","WOL","F","Drop","Ry Rob's Team","Wed Aug 15, 2018, 10:15AM","2"
"Daryl Janmaat","WAT","D","Claim","Romelu Bukake","Tue Aug 14, 2018, 11:12PM","2"
"Michy Batshuayi","CHE/CRY","F","Drop","Romelu Bukake","Tue Aug 14, 2018, 11:12PM","2"
"Demarai Gray","LEI","M","Claim","Culture Change","Tue Aug 14, 2018, 10:59AM","2"
"Ross Barkley","CHE","M","Drop","Culture Change","Tue Aug 14, 2018, 10:59AM","2"
"Jonjo Shelvey","NEW","M","Claim","Aubazette FC","Tue Aug 14, 2018, 10:46AM","2"
"James Ward-Prowse","SOU","M","Drop","Aubazette FC","Tue Aug 14, 2018, 10:46AM","2"
"Jack Stephens","SOU","D","Claim","Culture Change","Tue Aug 14, 2018, 10:44AM","2"
"Diogo Dalot","MUN","D","Drop","Culture Change","Tue Aug 14, 2018, 10:44AM","2"
"Aaron Wan-Bissaka","CRY","D","Claim","Aubazette FC","Tue Aug 14, 2018, 10:43AM","2"
"Stefan Johansen","FUL","M","Drop","Aubazette FC","Tue Aug 14, 2018, 10:43AM","2"
"Joselu","NEW","F","Claim","Culture Change","Tue Aug 14, 2018, 10:42AM","2"
"Alex Oxlade-Chamberlain","LIV","M","Drop","Culture Change","Tue Aug 14, 2018, 10:42AM","2"
"Ben Foster","WAT","G","Claim","Aubazette FC","Tue Aug 14, 2018, 10:42AM","2"
"Ivan Cavaleiro","WOL","F","Drop","Aubazette FC","Tue Aug 14, 2018, 10:42AM","2"
"Bernard","EVE","M","Claim","Sturridge's Comeback Tour","Tue Aug 14, 2018, 10:00AM","2"
"Ilkay Gundogan","MCI","M","Drop","Sturridge's Comeback Tour","Tue Aug 14, 2018, 10:00AM","2"
"Jeffrey Schlupp","CRY","D","Claim","Ashley notso Young","Tue Aug 14, 2018, 10:00AM","2"
"Andreas Pereira","MUN","M","Drop","Ashley notso Young","Tue Aug 14, 2018, 10:00AM","2"
"Kenedy","NEW","M","Claim","2 More Years of Fellaini","Tue Aug 14, 2018, 10:00AM","2"
"Will Hughes","WAT","M","Drop","2 More Years of Fellaini","Tue Aug 14, 2018, 10:00AM","2"
"Roberto Pereyra","WAT","M","Claim","Culture Change","Tue Aug 14, 2018, 10:00AM","2"
"Chris Smalling","MUN","D","Drop","Culture Change","Tue Aug 14, 2018, 10:00AM","2"
"Ruben Loftus-Cheek","CHE","M","Claim","Blake's Team","Tue Aug 14, 2018, 10:00AM","2"
"Jack Wilshere","WHU","M","Drop","Blake's Team","Tue Aug 14, 2018, 10:00AM","2"
"Jose Holebas","WAT","D","Claim","Firmino's 1st Friend","Tue Aug 14, 2018, 10:00AM","2"
"Marc Navarro","WAT","D","Drop","Firmino's 1st Friend","Tue Aug 14, 2018, 10:00AM","2"
"Yerry Mina","EVE","D","Claim","Sturridge's Comeback Tour","Tue Aug 14, 2018, 10:00AM","2"
"Toby Alderweireld","TOT","D","Drop","Sturridge's Comeback Tour","Tue Aug 14, 2018, 10:00AM","2"
"Callum Wilson","BOU","F","Claim","Tim's Team","Tue Aug 14, 2018, 10:00AM","2"
"Yannick Bolasie","EVE","F","Drop","Tim's Team","Tue Aug 14, 2018, 10:00AM","2"
"Daniel Sturridge","LIV","F","Claim","Blake's Team","Fri Aug 10, 2018, 3:28PM","1"
"Kenedy","NEW","M","Drop","Blake's Team","Fri Aug 10, 2018, 3:28PM","1"
"Luke Shaw","MUN","D","Claim","Ashley notso Young","Fri Aug 10, 2018, 1:58PM","1"
"Alfie Mawson","FUL","D","Drop","Ashley notso Young","Fri Aug 10, 2018, 1:58PM","1"
"Adama Traore","WOL","F","Claim","2 More Years of Fellaini","Fri Aug 10, 2018, 9:06AM","1"
"Mohamed Elyounoussi","SOU","M","Drop","2 More Years of Fellaini","Fri Aug 10, 2018, 9:06AM","1"
"Danny Ings","SOU","F","Claim","Sturridge's Comeback Tour","Thu Aug 9, 2018, 3:44PM","1"
"Ruben Loftus-Cheek","CHE","M","Drop","Sturridge's Comeback Tour","Thu Aug 9, 2018, 3:44PM","1"
"Anthony Knockaert","BHA","M","Claim","Team I_am_Tim","Wed Aug 8, 2018, 11:33PM","1"
"Zanka","HUD","D","Drop","Team I_am_Tim","Wed Aug 8, 2018, 11:32PM","1"
"Jannik Vestergaard","SOU","D","Claim","2 More Years of Fellaini","Wed Aug 8, 2018, 11:09PM","1"
"Jonny Evans","LEI","D","Drop","2 More Years of Fellaini","Wed Aug 8, 2018, 11:09PM","1"
"Andreas Pereira","MUN","M","Claim","Ashley notso Young","Wed Aug 8, 2018, 10:59PM","1"
"Alireza Jahanbakhsh","BHA","F","Drop","Ashley notso Young","Wed Aug 8, 2018, 10:59PM","1"
"Kepa","CHE","G","Claim","Romelu Bukake","Wed Aug 8, 2018, 10:35PM","1"
"Nemanja Matic","MUN","M","Drop","Romelu Bukake","Wed Aug 8, 2018, 10:35PM","1"
