"ID","Player","Team","Position","RkOv","Status","Opponent","FPts","FP/G","Ros","+/-","GP","GS","Min","MCS","GA","Sv","YC","RC","FS","PKS","PKD","PKM","TkW","DIS","G","A","A2","KP","AF","Int","IntB","CLR","CoS","AER","AC","HCS","Sm","OG","SOT"
"*02xtd*","Sam Johnstone","CRY","G","23","FA","AVL 0<br/>@CRY 5 F","16","16","1%","0%","1","1","90","90","0","5","0","0","0","0","0","0","0","0","0","0","0","0","0","0","0","0","0","0","0","0","0","0","0"
"*06fxg*","Odysseas Vlachodimos","NOT","G","35","FA","NOT 2<br/>@BUR 1 F","13","13","0%","0%","1","1","90","90","0","3","0","0","1","0","0","0","0","0","0","0","0","0","0","0","0","2","0","0","0","0","0","0","0"
"*06ewr*","Thomas Kaminski","LUT","G","10","FA","FUL 4<br/>@LUT 2 F","11","11","0%","0%","1","1","90","0","1","5","0","0","0","0","0","0","0","0","0","0","0","0","0","0","0","0","0","0","0","1","0","0","0"
"*04sjt*","Alisson","LIV","G","12","CmBk","WOL 0<br/>@LIV 2 F","10.5","10.5","56%","-2%","1","1","90","0","1","4","0","0","0","0","0","0","0","0","0","0","0","0","0","0","0","2","0","2","0","0","0","0","0"
"*06dps*","Andre Onana","MUN","G","1","RDN","MUN 2<br/>@BHA 0 F","10","10","3%","0%","1","1","90","90","0","2","0","0","0","0","0","0","0","0","0","0","0","0","0","0","0","0","0","0","0","0","0","0","0"
"*044ei*","Nick Pope","NEW","G","22","Laeka B","NEW 4<br/>@BRF 2 F","9.25","9.25","70%","+4%","1","1","90","90","0","1","0","0","0","0","0","0","0","0","0","0","0","0","0","0","0","1","0","0","0","0","1","0","0"
"*04qor*","Bernd Leno","FUL","G","5","RyRob","FUL 4<br/>@LUT 2 F","8.25","8.25","58%","+7%","1","1","90","0","1","4","0","0","0","0","0","0","0","0","0","0","0","0","0","0","0","1","0","0","0","0","0","0","0"
"*032f9*","Jordan Pickford","EVE","G","3","Slab","EVE 1<br/>@ARS 2 F","8","8","95%","+1%","1","1","90","0","1","2","0","0","0","0","0","0","0","0","0","0","0","1","0","0","0","0","0","0","0","1","1","0","0"
"*04yme*","Robert Sanchez","CHE","G","21","FA","BOU 1<br/>@CHE 2 F","8","8","61%","-11%","1","1","90","0","1","4","0","0","0","0","0","0","0","0","0","0","0","0","0","0","0","0","0","0","0","0","0","0","0"
"*05n0a*","Wes Foderingham","SHU","G","13","FA","TOT 3<br/>@SHU 0 F","6.75","6.75","0%","0%","1","1","90","0","1","2","0","0","1","0","0","0","0","0","0","0","0","0","0","0","0","1","0","1","0","1","0","0","0"
"*06cmu*","Bart Verbruggen","BHA","G","18","FA","MUN 2<br/>@BHA 0 F","6","6","66%","0%","1","1","90","0","1","3","0","0","0","0","0","0","0","0","0","0","0","0","0","0","0","0","0","0","0","0","0","0","0"
"*06cmb*","Guglielmo Vicario","TOT","G","7","FA","TOT 3<br/>@SHU 0 F","2.75","2.75","34%","-1%","1","1","90","0","4","3","0","0","1","0","0","0","0","0","0","0","0","0","0","0","0","5","0","0","0","1","0","0","0"
"*05oz3*","James Trafford","BUR","G","14","FA","NOT 2<br/>@BUR 1 F","1","1","21%","0%","1","1","90","0","2","1","0","0","2","0","0","0","0","0","0","0","0","0","0","0","0","0","0","0","0","0","0","0","0"
"*062p4*","Thomas Strakosha","BRF","G","36","FA","NEW 4<br/>@BRF 2 F","1","1","0%","0%","1","0","45","0","0","0","0","0","0","0","0","0","0","0","0","0","0","0","0","0","0","0","0","0","0","1","0","0","0"
"*05tqx*","David Raya","BRF/ARS","G","11","CC FC","EVE 1<br/>@ARS 2 F","0.25","0.25","99%","0%","1","1","90","0","1","0","0","0","0","0","0","0","0","0","0","0","0","0","0","0","0","1","0","0","0","0","0","0","0"
"*045ob*","Caoimhin Kelleher","LIV","G","26","FA","WOL 0<br/>@LIV 2 F","0","0","91%","0%","0","0","0","0","0","0","0","0","0","0","0","0","0","0","0","0","0","0","0","0","0","0","0","0","0","0","0","0","0"
"*03yww*","Dean Henderson","MUN/CRY","G","24","FA","AVL 0<br/>@CRY 5 F","0","0","89%","-1%","0","0","0","0","0","0","0","0","0","0","0","0","0","0","0","0","0","0","0","0","0","0","0","0","0","0","0","0","0"
"*02lz0*","Emiliano Martinez","AVL","G","9","FA","AVL 0<br/>@CRY 5 F","0","0","79%","-2%","1","1","90","0","2","1","0","0","0","0","0","0","0","0","0","0","0","0","0","0","0","0","0","0","0","0","0","0","0"
"*06fuw*","Djordje Petrovic","CHE","G","17","FA","BOU 1<br/>@CHE 2 F","0","0","59%","-1%","0","0","0","0","0","0","0","0","0","0","0","0","0","0","0","0","0","0","0","0","0","0","0","0","0","0","0","0","0"
"*04f6h*","Matz Sels","NEW/NOT","G","25","FA","NOT 2<br/>@BUR 1 F","0","0","58%","+1%","0","0","0","0","0","0","0","0","0","0","0","0","0","0","0","0","0","0","0","0","0","0","0","0","0","0","0","0","0"
"*04mr4*","Martin Dubravka","NEW","G","16","FA","NEW 4<br/>@BRF 2 F","0","0","29%","-2%","0","0","0","0","0","0","0","0","0","0","0","0","0","0","0","0","0","0","0","0","0","0","0","0","0","0","0","0","0"
"*04fk5*","Ederson","MCI","G","15","FA","WHU 1<br/>@MCI 3 F","0","0","11%","0%","1","1","90","0","1","0","0","0","0","0","0","0","0","0","0","0","0","0","0","0","0","0","0","0","0","0","0","0","0"
"*04amh*","Aaron Ramsdale","ARS","G","33","FA","EVE 1<br/>@ARS 2 F","0","0","9%","-1%","0","0","0","0","0","0","0","0","0","0","0","0","0","0","0","0","0","0","0","0","0","0","0","0","0","0","0","0","0"
"*05oef*","Alphonse Areola","WHU","G","4","W’s","WHU 1<br/>@MCI 3 F","0","0","8%","0%","1","1","90","0","3","2","0","0","0","0","0","0","0","0","0","0","0","0","0","0","0","0","0","0","0","0","0","0","0"
"*04u40*","Kepa","CHE","G","44","FA","BOU 1<br/>@CHE 2 F","0","0","3%","0%","0","0","0","0","0","0","0","0","0","0","0","0","0","0","0","0","0","0","0","0","0","0","0","0","0","0","0","0","0"
"*06fx0*","Altay Bayindir","MUN","G","47","FA","MUN 2<br/>@BHA 0 F","0","0","2%","0%","0","0","0","0","0","0","0","0","0","0","0","0","0","0","0","0","0","0","0","0","0","0","0","0","0","0","0","0","0"
"*062cw*","Stefan Ortega","MCI","G","30","FA","WHU 1<br/>@MCI 3 F","0","0","2%","0%","0","0","0","0","0","0","0","0","0","0","0","0","0","0","0","0","0","0","0","0","0","0","0","0","0","0","0","0","0"
"*063e3*","Neto","BOU","G","8","MID","BOU 1<br/>@CHE 2 F","0","0","1%","0%","0","0","0","0","0","0","0","0","0","0","0","0","0","0","0","0","0","0","0","0","0","0","0","0","0","0","0","0","0"
"*02lo6*","Daniel Bentley","WOL","G","34","FA","WOL 0<br/>@LIV 2 F","0","0","1%","0%","0","0","0","0","0","0","0","0","0","0","0","0","0","0","0","0","0","0","0","0","0","0","0","0","0","0","0","0","0"
"*04rha*","Jason Steele","BHA","G","27","FA","MUN 2<br/>@BHA 0 F","0","0","1%","0%","0","0","0","0","0","0","0","0","0","0","0","0","0","0","0","0","0","0","0","0","0","0","0","0","0","0","0","0","0"
"*04vy4*","Mark Travers","BOU","G","32","FA","BOU 1<br/>@CHE 2 F","0","0","1%","0%","0","0","0","0","0","0","0","0","0","0","0","0","0","0","0","0","0","0","0","0","0","0","0","0","0","0","0","0","0"
"*05oz4*","Karl Hein","ARS","G","69","FA","EVE 1<br/>@ARS 2 F","0","0","1%","0%","0","0","0","0","0","0","0","0","0","0","0","0","0","0","0","0","0","0","0","0","0","0","0","0","0","0","0","0","0"
"*06jfe*","Hakon Valdimarsson","BRF","G","100","FA","NEW 4<br/>@BRF 2 F","0","0","0%","0%","0","0","0","0","0","0","0","0","0","0","0","0","0","0","0","0","0","0","0","0","0","0","0","0","0","0","0","0","0"
"*04gyd*","Brandon Austin","TOT","G","45","FA","TOT 3<br/>@SHU 0 F","0","0","0%","0%","0","0","0","0","0","0","0","0","0","0","0","0","0","0","0","0","0","0","0","0","0","0","0","0","0","0","0","0","0"
"*03dwz*","Tom Heaton","MUN","G","68","FA","MUN 2<br/>@BHA 0 F","0","0","0%","0%","0","0","0","0","0","0","0","0","0","0","0","0","0","0","0","0","0","0","0","0","0","0","0","0","0","0","0","0","0"
"*05ubh*","Remi Matthews","CRY","G","39","FA","AVL 0<br/>@CRY 5 F","0","0","0%","0%","0","0","0","0","0","0","0","0","0","0","0","0","0","0","0","0","0","0","0","0","0","0","0","0","0","0","0","0","0"
"*02ls8*","Marcus Bettinelli","CHE","G","51","FA","BOU 1<br/>@CHE 2 F","0","0","0%","0%","0","0","0","0","0","0","0","0","0","0","0","0","0","0","0","0","0","0","0","0","0","0","0","0","0","0","0","0","0"
"*05n09*","Mark Gillespie","NEW","G","61","FA","NEW 4<br/>@BRF 2 F","0","0","0%","0%","0","0","0","0","0","0","0","0","0","0","0","0","0","0","0","0","0","0","0","0","0","0","0","0","0","0","0","0","0"
"*06jgu*","Callan McKenna","BOU","G","83","FA","BOU 1<br/>@CHE 2 F","0","0","0%","0%","0","0","0","0","0","0","0","0","0","0","0","0","0","0","0","0","0","0","0","0","0","0","0","0","0","0","0","0","0"
"*06jb3*","Ted Curd","CHE","G","56","FA","BOU 1<br/>@CHE 2 F","0","0","0%","0%","0","0","0","0","0","0","0","0","0","0","0","0","0","0","0","0","0","0","0","0","0","0","0","0","0","0","0","0","0"
"*02ltw*","Fraser Forster","TOT","G","58","FA","TOT 3<br/>@SHU 0 F","0","0","0%","0%","0","0","0","0","0","0","0","0","0","0","0","0","0","0","0","0","0","0","0","0","0","0","0","0","0","0","0","0","0"
"*06cmt*","Tom King","WOL","G","74","FA","WOL 0<br/>@LIV 2 F","0","0","0%","0%","0","0","0","0","0","0","0","0","0","0","0","0","0","0","0","0","0","0","0","0","0","0","0","0","0","0","0","0","0"
"*05rbn*","Thomas McGill","BHA","G","82","FA","MUN 2<br/>@BHA 0 F","0","0","0%","0%","0","0","0","0","0","0","0","0","0","0","0","0","0","0","0","0","0","0","0","0","0","0","0","0","0","0","0","0","0"
"*062pa*","Joseph Whitworth","CRY","G","104","FA","AVL 0<br/>@CRY 5 F","0","0","0%","0%","0","0","0","0","0","0","0","0","0","0","0","0","0","0","0","0","0","0","0","0","0","0","0","0","0","0","0","0","0"
"*05u40*","Ellery Balcombe","BRF","G","46","FA","NEW 4<br/>@BRF 2 F","0","0","0%","0%","0","0","0","0","0","0","0","0","0","0","0","0","0","0","0","0","0","0","0","0","0","0","0","0","0","0","0","0","0"
"*06fwn*","Steven Benda","FUL","G","49","FA","FUL 4<br/>@LUT 2 F","0","0","0%","0%","0","0","0","0","0","0","0","0","0","0","0","0","0","0","0","0","0","0","0","0","0","0","0","0","0","0","0","0","0"
"*02lym*","Lukasz Fabianski","WHU","G","28","FA","WHU 1<br/>@MCI 3 F","0","0","0%","0%","0","0","0","0","0","0","0","0","0","0","0","0","0","0","0","0","0","0","0","0","0","0","0","0","0","0","0","0","0"
"*06exj*","Luca Gunter","TOT","G","64","FA","TOT 3<br/>@SHU 0 F","0","0","0%","0%","0","0","0","0","0","0","0","0","0","0","0","0","0","0","0","0","0","0","0","0","0","0","0","0","0","0","0","0","0"
"*05y6a*","Filip Marschall","AVL","G","81","FA","AVL 0<br/>@CRY 5 F","0","0","0%","0%","0","0","0","0","0","0","0","0","0","0","0","0","0","0","0","0","0","0","0","0","0","0","0","0","0","0","0","0","0"
"*062ds*","Matt Turner","NOT","G","20","FA","NOT 2<br/>@BUR 1 F","0","0","0%","0%","0","0","0","0","0","0","0","0","0","0","0","0","0","0","0","0","0","0","0","0","0","0","0","0","0","0","0","0","0"
"*06ews*","Dermot Mee","MUN","G","84","FA","MUN 2<br/>@BHA 0 F","0","0","0%","0%","0","0","0","0","0","0","0","0","0","0","0","0","0","0","0","0","0","0","0","0","0","0","0","0","0","0","0","0","0"
"*06ie2*","Sam Proctor","AVL","G","91","FA","AVL 0<br/>@CRY 5 F","0","0","0%","0%","0","0","0","0","0","0","0","0","0","0","0","0","0","0","0","0","0","0","0","0","0","0","0","0","0","0","0","0","0"
"*05xtr*","Teddy Sharman-Lowe","CHE","G","96","FA","BOU 1<br/>@CHE 2 F","0","0","0%","0%","0","0","0","0","0","0","0","0","0","0","0","0","0","0","0","0","0","0","0","0","0","0","0","0","0","0","0","0","0"
"*06avm*","James Wright","AVL","G","107","FA","AVL 0<br/>@CRY 5 F","0","0","0%","0%","0","0","0","0","0","0","0","0","0","0","0","0","0","0","0","0","0","0","0","0","0","0","0","0","0","0","0","0","0"
"*066sf*","Eddie Beach","CHE","G","48","FA","BOU 1<br/>@CHE 2 F","0","0","0%","0%","0","0","0","0","0","0","0","0","0","0","0","0","0","0","0","0","0","0","0","0","0","0","0","0","0","0","0","0","0"
"*05uhm*","Lucas Bergstrom","CHE","G","50","FA","BOU 1<br/>@CHE 2 F","0","0","0%","0%","0","0","0","0","0","0","0","0","0","0","0","0","0","0","0","0","0","0","0","0","0","0","0","0","0","0","0","0","0"
"*06ex2*","Aaron Bott","NOT","G","53","FA","NOT 2<br/>@BUR 1 F","0","0","0%","0%","0","0","0","0","0","0","0","0","0","0","0","0","0","0","0","0","0","0","0","0","0","0","0","0","0","0","0","0","0"
"*0579j*","Scott Carson","MCI","G","54","FA","WHU 1<br/>@MCI 3 F","0","0","0%","0%","0","0","0","0","0","0","0","0","0","0","0","0","0","0","0","0","0","0","0","0","0","0","0","0","0","0","0","0","0"
"*062p6*","Billy Crellin","EVE","G","55","FA","EVE 1<br/>@ARS 2 F","0","0","0%","0%","0","0","0","0","0","0","0","0","0","0","0","0","0","0","0","0","0","0","0","0","0","0","0","0","0","0","0","0","0"
"*06jgt*","Joe Gauci","AVL","G","60","FA","AVL 0<br/>@CRY 5 F","0","0","0%","0%","0","0","0","0","0","0","0","0","0","0","0","0","0","0","0","0","0","0","0","0","0","0","0","0","0","0","0","0","0"
"*06jfd*","Ivo Grbic","SHU","G","29","FA","TOT 3<br/>@SHU 0 F","0","0","0%","0%","0","0","0","0","0","0","0","0","0","0","0","0","0","0","0","0","0","0","0","0","0","0","0","0","0","0","0","0","0"
"*04rhc*","Vicente Guaita","CRY","G","63","FA","AVL 0<br/>@CRY 5 F","0","0","0%","0%","0","0","0","0","0","0","0","0","0","0","0","0","0","0","0","0","0","0","0","0","0","0","0","0","0","0","0","0","0"
"*06h1g*","Aidan Harris","NEW","G","65","FA","NEW 4<br/>@BRF 2 F","0","0","0%","0%","0","0","0","0","0","0","0","0","0","0","0","0","0","0","0","0","0","0","0","0","0","0","0","0","0","0","0","0","0"
"*06ids*","Adam Harrison","NEW","G","66","FA","NEW 4<br/>@BRF 2 F","0","0","0%","0%","0","0","0","0","0","0","0","0","0","0","0","0","0","0","0","0","0","0","0","0","0","0","0","0","0","0","0","0","0"
"*06do5*","Elyh Harrison","MUN","G","67","FA","MUN 2<br/>@BHA 0 F","0","0","0%","0%","0","0","0","0","0","0","0","0","0","0","0","0","0","0","0","0","0","0","0","0","0","0","0","0","0","0","0","0","0"
"*02m1g*","Wayne Hennessey","NOT","G","70","FA","NOT 2<br/>@BUR 1 F","0","0","0%","0%","0","0","0","0","0","0","0","0","0","0","0","0","0","0","0","0","0","0","0","0","0","0","0","0","0","0","0","0","0"
"*052ce*","Vitezslav Jaros","LIV","G","73","FA","WOL 0<br/>@LIV 2 F","0","0","0%","0%","0","0","0","0","0","0","0","0","0","0","0","0","0","0","0","0","0","0","0","0","0","0","0","0","0","0","0","0","0"
"*0435r*","Loris Karius","NEW","G","38","FA","NEW 4<br/>@BRF 2 F","0","0","0%","0%","0","0","0","0","0","0","0","0","0","0","0","0","0","0","0","0","0","0","0","0","0","0","0","0","0","0","0","0","0"
"*04ufy*","Matej Kovar","MUN","G","76","FA","MUN 2<br/>@BHA 0 F","0","0","0%","0%","0","0","0","0","0","0","0","0","0","0","0","0","0","0","0","0","0","0","0","0","0","0","0","0","0","0","0","0","0"
"*02lu3*","Tim Krul","NOR/LUT","G","77","FA","FUL 4<br/>@LUT 2 F","0","0","0%","0%","0","0","0","0","0","0","0","0","0","0","0","0","0","0","0","0","0","0","0","0","0","0","0","0","0","0","0","0","0"
"*02w72*","Hugo Lloris","TOT","G","78","FA","TOT 3<br/>@SHU 0 F","0","0","0%","0%","0","0","0","0","0","0","0","0","0","0","0","0","0","0","0","0","0","0","0","0","0","0","0","0","0","0","0","0","0"
"*054oz*","Andy Lonergan","EVE","G","79","FA","EVE 1<br/>@ARS 2 F","0","0","0%","0%","0","0","0","0","0","0","0","0","0","0","0","0","0","0","0","0","0","0","0","0","0","0","0","0","0","0","0","0","0"
"*03m0y*","Matt Macey","LUT","G","80","FA","FUL 4<br/>@LUT 2 F","0","0","0%","0%","0","0","0","0","0","0","0","0","0","0","0","0","0","0","0","0","0","0","0","0","0","0","0","0","0","0","0","0","0"
"*06jfh*","Max Merrick","CHE","G","85","FA","BOU 1<br/>@CHE 2 F","0","0","0%","0%","0","0","0","0","0","0","0","0","0","0","0","0","0","0","0","0","0","0","0","0","0","0","0","0","0","0","0","0","0"
"*04gw6*","Arijanet Muric","BUR","G","19","Noah B","NOT 2<br/>@BUR 1 F","0","0","0%","0%","0","0","0","0","0","0","0","0","0","0","0","0","0","0","0","0","0","0","0","0","0","0","0","0","0","0","0","0","0"
"*04tsc*","Joao Virginia","EVE","G","88","FA","EVE 1<br/>@ARS 2 F","0","0","0%","0%","0","0","0","0","0","0","0","0","0","0","0","0","0","0","0","0","0","0","0","0","0","0","0","0","0","0","0","0","0"
"*05osa*","Robin Olsen","AVL","G","31","thomas","AVL 0<br/>@CRY 5 F","0","0","0%","0%","0","0","0","0","0","0","0","0","0","0","0","0","0","0","0","0","0","0","0","0","0","0","0","0","0","0","0","0","0"
"*066e8*","Cameron Plain","BOU","G","90","FA","BOU 1<br/>@CHE 2 F","0","0","0%","0%","0","0","0","0","0","0","0","0","0","0","0","0","0","0","0","0","0","0","0","0","0","0","0","0","0","0","0","0","0"
"*03rll*","Darren Randolph","BOU","G","92","FA","BOU 1<br/>@CHE 2 F","0","0","0%","0%","0","0","0","0","0","0","0","0","0","0","0","0","0","0","0","0","0","0","0","0","0","0","0","0","0","0","0","0","0"
"*04rex*","Marek Rodak","FUL","G","93","FA","FUL 4<br/>@LUT 2 F","0","0","0%","0%","0","0","0","0","0","0","0","0","0","0","0","0","0","0","0","0","0","0","0","0","0","0","0","0","0","0","0","0","0"
"*03274*","Adrian","LIV","G","95","FA","WOL 0<br/>@LIV 2 F","0","0","0%","0%","0","0","0","0","0","0","0","0","0","0","0","0","0","0","0","0","0","0","0","0","0","0","0","0","0","0","0","0","0"
"*02oph*","James Shea","LUT","G","37","FA","FUL 4<br/>@LUT 2 F","0","0","0%","0%","0","0","0","0","0","0","0","0","0","0","0","0","0","0","0","0","0","0","0","0","0","0","0","0","0","0","0","0","0"
"*05lfs*","Zack Steffen","MCI","G","99","FA","WHU 1<br/>@MCI 3 F","0","0","0%","0%","0","0","0","0","0","0","0","0","0","0","0","0","0","0","0","0","0","0","0","0","0","0","0","0","0","0","0","0","0"
"*048xn*","Alfie Whiteman","TOT","G","103","FA","TOT 3<br/>@SHU 0 F","0","0","0%","0%","0","0","0","0","0","0","0","0","0","0","0","0","0","0","0","0","0","0","0","0","0","0","0","0","0","0","0","0","0"
"*05r3x*","Oliwer Zych","AVL","G","108","FA","AVL 0<br/>@CRY 5 F","0","0","0%","0%","0","0","0","0","0","0","0","0","0","0","0","0","0","0","0","0","0","0","0","0","0","0","0","0","0","0","0","0","0"
"*06cma*","Jordan Amissah","SHU","G","41","FA","TOT 3<br/>@SHU 0 F","0","0","-","-","0","0","0","0","0","0","0","0","0","0","0","0","0","0","0","0","0","0","0","0","0","0","0","0","0","0","0","0","0"
"*05amw*","Joseph Anang","WHU","G","42","FA","WHU 1<br/>@MCI 3 F","0","0","-","-","0","0","0","0","0","0","0","0","0","0","0","0","0","0","0","0","0","0","0","0","0","0","0","0","0","0","0","0","0"
"*05y5s*","Vincent Angelini","WAT/BRF","G","43","FA","NEW 4<br/>@BRF 2 F","0","0","-","-","0","0","0","0","0","0","0","0","0","0","0","0","0","0","0","0","0","0","0","0","0","0","0","0","0","0","0","0","0"
"*06ewm*","Alex Borto","FUL","G","52","FA","FUL 4<br/>@LUT 2 F","0","0","-","-","0","0","0","0","0","0","0","0","0","0","0","0","0","0","0","0","0","0","0","0","0","0","0","0","0","0","0","0","0"
"*02lpm*","Adam Davies","SHU","G","57","FA","TOT 3<br/>@SHU 0 F","0","0","-","-","0","0","0","0","0","0","0","0","0","0","0","0","0","0","0","0","0","0","0","0","0","0","0","0","0","0","0","0","0"
"*06c4f*","Denis Franchi","BUR","G","59","FA","NOT 2<br/>@BUR 1 F","0","0","-","-","0","0","0","0","0","0","0","0","0","0","0","0","0","0","0","0","0","0","0","0","0","0","0","0","0","0","0","0","0"
"*06idq*","True Grant","MCI","G","62","FA","WHU 1<br/>@MCI 3 F","0","0","-","-","0","0","0","0","0","0","0","0","0","0","0","0","0","0","0","0","0","0","0","0","0","0","0","0","0","0","0","0","0"
"*05rkj*","James Hillson","ARS","G","71","FA","EVE 1<br/>@ARS 2 F","0","0","-","-","0","0","0","0","0","0","0","0","0","0","0","0","0","0","0","0","0","0","0","0","0","0","0","0","0","0","0","0","0"
"*061xt*","Ethan Horvath","NOT","G","72","FA","NOT 2<br/>@BUR 1 F","0","0","-","-","0","0","0","0","0","0","0","0","0","0","0","0","0","0","0","0","0","0","0","0","0","0","0","0","0","0","0","0","0"
"*06dmm*","Jacob Knightbridge","WHU","G","75","FA","WHU 1<br/>@MCI 3 F","0","0","-","-","0","0","0","0","0","0","0","0","0","0","0","0","0","0","0","0","0","0","0","0","0","0","0","0","0","0","0","0","0"
"*05x9m*","Louie Moulden","WOL","G","86","FA","WOL 0<br/>@LIV 2 F","0","0","-","-","0","0","0","0","0","0","0","0","0","0","0","0","0","0","0","0","0","0","0","0","0","0","0","0","0","0","0","0","0"
"*062oz*","Fabian Mrozek","LIV","G","87","FA","WOL 0<br/>@LIV 2 F","0","0","-","-","0","0","0","0","0","0","0","0","0","0","0","0","0","0","0","0","0","0","0","0","0","0","0","0","0","0","0","0","0"
"*05rgv*","Arthur Okonkwo","ARS","G","89","FA","EVE 1<br/>@ARS 2 F","0","0","-","-","0","0","0","0","0","0","0","0","0","0","0","0","0","0","0","0","0","0","0","0","0","0","0","0","0","0","0","0","0"
"*05oif*","Runar Alex Runarsson","ARS","G","94","FA","EVE 1<br/>@ARS 2 F","0","0","-","-","0","0","0","0","0","0","0","0","0","0","0","0","0","0","0","0","0","0","0","0","0","0","0","0","0","0","0","0","0"
"*068yw*","George Shelvey","NOT","G","97","FA","NOT 2<br/>@BUR 1 F","0","0","-","-","0","0","0","0","0","0","0","0","0","0","0","0","0","0","0","0","0","0","0","0","0","0","0","0","0","0","0","0","0"
"*06exc*","Jude Smith","NEW","G","98","FA","NEW 4<br/>@BRF 2 F","0","0","-","-","0","0","0","0","0","0","0","0","0","0","0","0","0","0","0","0","0","0","0","0","0","0","0","0","0","0","0","0","0"
"*06cki*","Lawrence Vigouroux","BUR","G","101","FA","NOT 2<br/>@BUR 1 F","0","0","-","-","0","0","0","0","0","0","0","0","0","0","0","0","0","0","0","0","0","0","0","0","0","0","0","0","0","0","0","0","0"
"*0656s*","Radek Vitek","MUN","G","102","FA","MUN 2<br/>@BHA 0 F","0","0","-","-","0","0","0","0","0","0","0","0","0","0","0","0","0","0","0","0","0","0","0","0","0","0","0","0","0","0","0","0","0"
"*06ajx*","George Wickens","FUL","G","105","FA","FUL 4<br/>@LUT 2 F","0","0","-","-","0","0","0","0","0","0","0","0","0","0","0","0","0","0","0","0","0","0","0","0","0","0","0","0","0","0","0","0","0"
"*06exm*","Tom Wooster","MUN","G","106","FA","MUN 2<br/>@BHA 0 F","0","0","-","-","0","0","0","0","0","0","0","0","0","0","0","0","0","0","0","0","0","0","0","0","0","0","0","0","0","0","0","0","0"
"*05uem*","Marcelo Pitaluga","LIV","G","109","FA","WOL 0<br/>@LIV 2 F","0","0","-","-","0","0","0","0","0","0","0","0","0","0","0","0","0","0","0","0","0","0","0","0","0","0","0","0","0","0","0","0","0"
"*05udg*","Jose Sa","WOL","G","2","j.l.","WOL 0<br/>@LIV 2 F","-1","-1","13%","0%","1","1","90","0","2","0","0","0","0","0","0","0","0","0","0","0","0","0","0","0","0","0","0","0","0","1","0","0","0"
"*06clu*","Mark Flekken","BRF","G","6","BBFC","NEW 4<br/>@BRF 2 F","-1.5","-1.5","0%","0%","1","1","45","0","2","0","0","0","1","0","0","0","0","0","0","0","0","0","0","0","0","0","0","0","0","0","0","0","0"
"*06dwl*","Ionut Radu","BOU","G","40","FA","BOU 1<br/>@CHE 2 F","-4.75","-4.75","0%","0%","1","1","90","0","6","2","0","0","0","0","0","0","0","0","0","0","0","0","0","0","0","1","0","0","0","1","0","0","0"
