"ID","Player","Team","Position","RkOv","Status","Opponent","FPts","FP/G","Ros","+/-","GP","G","KP","AT","SOT","TkW","DIS","YC","SYC","RC","ACNC","Int","CLR","CoS","AER","OG","GAD","CS"
"*03u2b*","Adama Traore","WOL","F","7","Wee Joe","WOL 0<br/>@CHE 2 F","26","26","9%","0%","1","0","2","2","0","1","2","0","0","0","1","0","0","8","2","0","0","0"
"*03vlj*","Virgil van Dijk","LIV","D","20","Tim O","LIV 3<br/>@NEW 1 F","25","25","100%","0%","1","1","0","0","1","0","0","0","0","0","0","2","8","0","3","0","0","1"
"*04qrc*","Raul Jimenez","WOL","F","5","Tim O","WOL 0<br/>@CHE 2 F","25","25","86%","-5%","1","2","0","0","3","0","3","0","0","0","0","1","2","1","1","0","0","0"
"*03srg*","Trent Alexander-Arnold","LIV","D","2","Wee Joe","LIV 3<br/>@NEW 1 F","25","25","0%","0%","1","0","2","1","0","2","0","0","0","0","2","0","0","1","2","0","0","1"
"*04kj7*","Serge Aurier","TOT","D","30","OATW","TOT 1<br/>@CRY 1 F","23.5","23.5","0%","0%","1","0","2","0","0","3","4","0","0","0","2","2","2","4","4","0","0","1"
"*02lun*","Sergio Aguero","MCI","F","56","FA","NOR 0<br/>@MCI 5 F","23","23","0%","0%","1","2","0","0","3","0","4","0","0","0","0","0","0","1","0","0","0","0"
"*03ysd*","Sam Byram","NOR","D","311","FA","NOR 0<br/>@MCI 5 F","20.75","20.75","0%","0%","1","0","1","0","0","2","0","0","0","0","0","2","3","1","7","0","0","1"
"*04ml9*","Cenk Tosun","EVE/CRY","F","357","FA","BOU 3<br/>@EVE 1 F","20.5","20.5","0%","0%","1","1","0","0","2","1","1","0","0","0","0","0","0","5","4","0","0","1"
"*04abn*","Harvey Barnes","LEI","M","46","NEAL","MUN 2<br/>@LEI 0 F","20","20","69%","+9%","1","1","3","0","3","0","2","0","0","0","0","0","0","0","0","0","0","0"
"*051k7*","Reece James","CHE","D","137","OATW","WOL 0<br/>@CHE 2 F","19.75","19.75","95%","+3%","1","0","2","0","0","3","1","0","0","0","2","3","1","1","1","0","0","1"
"*04gyl*","Benjamin Mendy","MCI","D","171","Wee Joe","NOR 0<br/>@MCI 5 F","19.25","19.25","0%","0%","1","0","4","1","0","2","2","1","0","0","6","1","1","1","1","0","2","0"
"*02lm7*","Jack Grealish","AVL","M","12","RyRob","AVL 1<br/>@WHU 1 F","19","19","33%","-1%","1","1","1","0","1","0","1","0","0","0","1","1","0","4","1","0","0","0"
"*03ra1*","Troy Deeney","WAT","F","44","RyRob","WAT 2<br/>@ARS 3 F","19","19","0%","0%","1","0","2","0","2","1","0","0","0","0","0","0","0","0","20","0","0","1"
"*04fyc*","Charlie Taylor","BUR","D","138","FA","BHA 2<br/>@BUR 1 F","18.5","18.5","0%","0%","1","0","2","0","0","1","1","0","0","0","1","3","4","5","6","0","1","0"
"*051l5*","John Fleck","SHU","M","90","FA","SHU 1<br/>@SOU 3 F","18","18","0%","0%","1","1","1","0","1","2","0","0","0","0","0","1","2","2","0","0","0","0"
"*03jab*","Federico Fernandez","NEW","D","172","FA","LIV 3<br/>@NEW 1 F","17.5","17.5","0%","0%","1","0","1","0","0","2","0","0","0","0","1","2","6","2","1","0","0","1"
"*04tm0*","Lucas Digne","EVE","D","14","Willy B","BOU 3<br/>@EVE 1 F","17","17","60%","-3%","1","0","4","0","0","0","1","0","0","0","3","3","2","0","5","0","1","0"
"*03aqp*","Mohamed Salah","LIV","F","4","Ryan C","LIV 3<br/>@NEW 1 F","16.5","16.5","97%","0%","1","1","3","0","1","0","3","1","0","0","0","3","1","1","0","0","0","1"
"*0520r*","Leandro Trossard","BHA","M","98","RyRob","BHA 2<br/>@BUR 1 F","16.5","16.5","91%","+3%","1","1","1","0","1","2","1","0","0","0","0","0","1","2","0","0","0","0"
"*02oox*","Kevin De Bruyne","MCI","M","1","RyRob","NOR 0<br/>@MCI 5 F","16.5","16.5","0%","0%","1","0","6","0","0","1","1","0","0","0","3","0","1","1","0","0","0","0"
"*04qqv*","Fred","MUN","M","152","BUK","MUN 2<br/>@LEI 0 F","16.5","16.5","0%","0%","1","0","2","0","1","3","1","0","0","0","1","4","0","3","0","0","0","0"
"*04qos*","Issa Diop","WHU","D","209","FA","AVL 1<br/>@WHU 1 F","16.25","16.25","2%","+1%","1","1","0","0","1","0","0","0","0","0","0","0","9","0","4","0","1","0"
"*03v6s*","Mason Holgate","EVE","D","222","FA","BOU 3<br/>@EVE 1 F","15.75","15.75","0%","0%","1","0","1","1","0","1","0","0","0","0","0","1","7","2","2","0","1","0"
"*05748*","Ismaila Sarr","WAT","F","105","FA","WAT 2<br/>@ARS 3 F","15.5","15.5","93%","0%","1","0","4","0","0","1","0","0","0","0","3","2","0","1","1","0","0","1"
"*02m5b*","Chris Wood","BUR","F","61","RyRob","BHA 2<br/>@BUR 1 F","15.5","15.5","63%","-7%","1","1","0","0","2","0","0","0","0","0","0","0","0","1","3","0","0","0"
"*03v9d*","Son Heung-Min","TOT","F","21","Ryan C","TOT 1<br/>@CRY 1 F","15.5","15.5","10%","0%","1","0","3","0","2","0","1","0","0","0","2","0","0","4","0","0","0","1"
"*02los*","Shane Long","SOU","F","165","FA","SHU 1<br/>@SOU 3 F","15.5","15.5","0%","0%","1","1","0","0","1","2","1","0","0","0","0","0","0","0","6","0","0","0"
"*0327v*","Wilfried Zaha","CRY","F","48","Willy B","TOT 1<br/>@CRY 1 F","15.5","15.5","0%","0%","1","0","1","1","1","0","0","0","0","0","0","0","0","5","1","0","0","0"
"*056iy*","Pedro Neto","WOL","F","237","FA","WOL 0<br/>@CHE 2 F","15","15","95%","-2%","1","1","1","0","1","0","0","0","0","0","2","0","0","0","0","0","0","0"
"*051ks*","Teemu Pukki","NOR","F","77","Noah B","NOR 0<br/>@MCI 5 F","15","15","0%","0%","1","1","1","0","2","0","2","0","0","0","0","0","0","1","0","0","0","1"
"*0414o*","James Maddison","LEI","M","28","FA","MUN 2<br/>@LEI 0 F","14.5","14.5","42%","+6%","1","0","5","0","1","0","1","0","0","0","1","0","0","2","0","0","0","0"
"*04rim*","Adam Masina","WAT","D","192","FA","WAT 2<br/>@ARS 3 F","14.5","14.5","0%","0%","1","0","0","0","0","0","0","0","0","0","1","4","2","2","1","0","0","1"
"*02lq4*","Shkodran Mustafi","ARS","D","229","FA","WAT 2<br/>@ARS 3 F","14.5","14.5","0%","0%","1","0","0","0","1","1","0","0","0","0","0","5","6","0","7","0","1","0"
"*03juz*","Toby Alderweireld","TOT","D","164","Ryan C","TOT 1<br/>@CRY 1 F","14.25","14.25","0%","0%","1","0","1","0","0","0","0","0","0","0","0","0","9","0","4","0","0","1"
"*04tcc*","Jonny","WOL","D","42","Ryan C","WOL 0<br/>@CHE 2 F","14.25","14.25","0%","0%","1","0","1","1","0","1","0","0","0","0","0","1","1","1","1","0","0","0"
"*04ru2*","Bernardo","BHA","D","336","FA","BHA 2<br/>@BUR 1 F","14.25","14.25","0%","0%","1","0","1","0","0","3","2","0","0","0","1","1","1","4","6","0","1","0"
"*02lmo*","Enda Stevens","SHU","D","27","OATW","SHU 1<br/>@SOU 3 F","14.25","14.25","0%","0%","1","0","2","0","0","1","1","0","0","0","2","2","3","4","1","0","0","0"
"*03r93*","Joseph Gomez","LIV","D","161","FA","LIV 3<br/>@NEW 1 F","14","14","3%","+1%","1","0","0","0","0","1","1","0","0","0","0","3","2","0","4","0","0","1"
"*03r9c*","Cedric Soares","SOU/ARS","D","204","FA","WAT 2<br/>@ARS 3 F","14","14","0%","0%","1","0","2","1","1","2","0","0","0","0","2","0","4","0","1","0","3","0"
"*03pig*","Jamaal Lascelles","NEW","D","227","FA","LIV 3<br/>@NEW 1 F","13.75","13.75","0%","0%","1","0","0","0","0","0","0","0","0","0","0","0","11","0","5","0","0","1"
"*02m6a*","Gary Cahill","CRY","D","219","FA","TOT 1<br/>@CRY 1 F","13.75","13.75","0%","0%","1","0","1","1","0","3","0","0","0","0","0","1","7","0","2","0","2","0"
"*049tq*","Dominic Calvert-Lewin","EVE","F","50","Laeka B","BOU 3<br/>@EVE 1 F","13.5","13.5","82%","0%","1","1","0","0","1","0","0","0","0","0","0","0","1","0","5","0","0","0"
"*0477b*","Oliver McBurnie","SHU","F","79","Willy B","SHU 1<br/>@SOU 3 F","13.5","13.5","0%","0%","1","0","0","0","2","1","0","0","0","0","1","2","1","0","11","0","0","0"
"*02lkm*","Jonjo Shelvey","NEW","M","92","FA","LIV 3<br/>@NEW 1 F","13.5","13.5","0%","0%","1","0","3","0","1","1","0","0","0","0","1","1","3","1","1","0","0","1"
"*02m4d*","Craig Dawson","WAT","D","213","FA","WAT 2<br/>@ARS 3 F","13.25","13.25","0%","0%","1","0","0","0","0","0","0","0","0","0","0","3","1","0","4","0","0","1"
"*02vlk*","Cesar Azpilicueta","CHE","D","25","Ryan C","WOL 0<br/>@CHE 2 F","13","13","0%","0%","1","0","1","0","1","3","0","0","0","0","0","3","0","0","5","0","1","0"
"*052ka*","Sebastien Haller","WHU","F","47","OATW","AVL 1<br/>@WHU 1 F","13","13","0%","0%","1","0","1","0","3","0","5","0","0","0","0","0","0","1","13","0","0","0"
"*05795*","Dennis Praet","LEI","M","294","FA","MUN 2<br/>@LEI 0 F","13","13","0%","0%","1","0","1","1","1","3","0","0","0","0","0","0","3","0","0","0","0","0"
"*02w6w*","Ashley Westwood","BUR","M","78","Noah B","BHA 2<br/>@BUR 1 F","13","13","0%","0%","1","1","0","0","1","1","0","0","0","0","0","0","0","0","2","0","0","0"
"*03ena*","Aaron Cresswell","WHU","D","190","FA","AVL 1<br/>@WHU 1 F","12.75","12.75","0%","0%","1","0","4","0","0","1","1","0","0","0","3","0","1","0","3","0","1","0"
"*052h5*","Gabriel Martinelli","ARS","M,F","320","FA","WAT 2<br/>@ARS 3 F","12.5","12.5","45%","0%","1","1","0","0","1","0","0","0","0","0","0","0","1","1","1","0","0","0"
"*051kg*","Max Aarons","NOR","D","291","FA","NOR 0<br/>@MCI 5 F","12.5","12.5","0%","0%","1","0","1","0","0","0","2","0","0","0","2","0","2","1","2","0","0","1"
"*02rll*","Nathan Redmond","SOU","M","58","OATW","SHU 1<br/>@SOU 3 F","12.5","12.5","0%","0%","1","0","2","0","0","1","0","0","0","0","2","2","0","3","1","0","0","0"
"*051kl*","Emiliano Buendia","NOR","M","34","Wee Joe","NOR 0<br/>@MCI 5 F","12","12","30%","+1%","1","0","4","0","1","0","2","1","0","0","0","0","0","4","2","0","0","1"
"*02lk5*","Jordan Henderson","LIV","M","87","FA","LIV 3<br/>@NEW 1 F","12","12","5%","0%","1","0","1","0","1","4","0","0","0","0","0","0","0","2","2","0","0","1"
"*03rxz*","Roberto Firmino","LIV","F","23","OATW","LIV 3<br/>@NEW 1 F","12","12","0%","0%","1","0","3","0","0","0","0","0","0","0","0","0","0","6","0","0","0","1"
"*037mo*","Willian","CHE","F","9","OATW","WOL 0<br/>@CHE 2 F","12","12","0%","0%","1","0","4","0","0","0","2","0","0","0","2","2","1","1","0","0","0","0"
"*03dx7*","Ben Mee","BUR","D","67","FA","BHA 2<br/>@BUR 1 F","12","12","0%","0%","1","0","0","1","1","0","1","1","0","0","0","1","2","1","5","0","1","0"
"*04mqz*","Lucas Moura","TOT","M","66","Tim O","TOT 1<br/>@CRY 1 F","12","12","0%","0%","1","0","3","0","1","1","2","0","0","0","0","0","0","2","2","0","0","1"
"*02t1i*","Robert Snodgrass","WHU","M","136","FA","AVL 1<br/>@WHU 1 F","12","12","0%","0%","1","0","1","1","1","0","1","0","0","0","1","0","0","1","1","0","0","0"
"*04adp*","Aaron Wan-Bissaka","MUN","D","49","Noah B","MUN 2<br/>@LEI 0 F","11.75","11.75","46%","0%","1","0","2","0","0","1","1","0","0","0","0","4","1","2","1","0","0","0"
"*0372y*","Matt Targett","AVL","D","110","FA","AVL 1<br/>@WHU 1 F","11.75","11.75","0%","0%","1","0","1","0","0","4","0","0","0","0","1","2","3","0","2","0","0","0"
"*04fk6*","Bernardo Silva","MCI","M","43","Tim O","NOR 0<br/>@MCI 5 F","11.5","11.5","94%","0%","1","0","2","0","2","0","1","0","0","0","2","0","0","1","2","0","0","0"
"*04spp*","Douglas Luiz","AVL","M","153","FA","AVL 1<br/>@WHU 1 F","11.5","11.5","11%","-1%","1","0","1","1","1","0","0","0","0","0","0","1","0","0","1","0","0","0"
"*02m11*","Matt Doherty","WOL","D","6","Laeka B","WOL 0<br/>@CHE 2 F","11.5","11.5","1%","0%","1","0","0","0","0","1","0","0","0","0","0","2","2","0","8","0","0","0"
"*035mq*","Isaac Hayden","NEW","M","159","FA","LIV 3<br/>@NEW 1 F","11.5","11.5","0%","0%","1","1","0","0","1","0","0","1","0","0","0","1","4","0","3","0","0","1"
"*056iw*","Allan Saint-Maximin","NEW","F","59","Wee Joe","LIV 3<br/>@NEW 1 F","11.5","11.5","0%","0%","1","0","2","1","0","0","1","0","0","0","1","0","0","1","0","0","0","1"
"*04qfy*","Ricardo Pereira","LEI","D","37","FA","MUN 2<br/>@LEI 0 F","11.25","11.25","0%","0%","1","0","2","0","0","7","1","0","0","0","0","0","3","3","1","0","2","0"
"*02llz*","Ciaran Clark","NEW","D","275","FA","LIV 3<br/>@NEW 1 F","11.25","11.25","0%","0%","1","0","0","0","0","1","1","0","0","0","0","1","7","1","1","0","0","1"
"*0381p*","Mesut Ozil","ARS","M","215","BUK","WAT 2<br/>@ARS 3 F","11","11","0%","0%","1","0","4","0","0","1","0","0","0","0","0","0","0","2","0","0","0","0"
"*02lp5*","Adam Smith","BOU","D","299","FA","BOU 3<br/>@EVE 1 F","10.75","10.75","2%","+1%","1","0","0","0","0","2","2","1","0","0","1","5","7","2","5","0","1","0"
"*02oqi*","Jan Vertonghen","TOT","D","216","FA","TOT 1<br/>@CRY 1 F","10.75","10.75","0%","0%","1","0","0","0","0","1","0","1","0","0","0","2","11","0","2","0","0","1"
"*045c8*","Gabriel Jesus","MCI","F","19","Noah B","NOR 0<br/>@MCI 5 F","10.5","10.5","10%","0%","1","0","1","1","0","0","1","0","0","0","1","0","0","1","2","0","0","0"
"*04u6i*","Leander Dendoncker","WOL","M","157","FA","WOL 0<br/>@CHE 2 F","10.5","10.5","0%","0%","1","0","0","0","0","3","0","0","0","0","0","2","7","3","5","0","2","0"
"*03srm*","N'Golo Kante","CHE","M","155","FA","WOL 0<br/>@CHE 2 F","10.5","10.5","0%","0%","1","0","1","0","2","0","0","0","0","0","0","3","3","1","1","0","0","0"
"*030v5*","Andreas Christensen","CHE","D","296","FA","WOL 0<br/>@CHE 2 F","10.25","10.25","0%","0%","1","0","0","0","0","2","0","0","0","0","0","2","1","0","8","0","1","0"
"*02oq8*","James Ward-Prowse","SOU","M","24","Laeka B","SHU 1<br/>@SOU 3 F","10","10","32%","-6%","1","0","2","1","0","1","0","1","0","0","1","0","2","0","2","0","0","0"
"*03gu5*","Andrew Robertson","LIV","D","16","Willy B","LIV 3<br/>@NEW 1 F","10","10","22%","-8%","1","0","1","0","0","0","0","0","0","0","1","1","0","0","0","0","0","1"
"*0435t*","Ilkay Gundogan","MCI","M","170","Tim O","NOR 0<br/>@MCI 5 F","10","10","1%","0%","1","0","3","0","0","1","1","0","0","0","0","1","0","1","3","0","0","0"
"*02ln2*","Jonny Evans","LEI","D","60","RyRob","MUN 2<br/>@LEI 0 F","10","10","0%","0%","1","0","0","0","0","1","0","0","0","0","0","3","8","0","8","0","2","0"
"*02onj*","Mark Noble","WHU","M","103","OATW","AVL 1<br/>@WHU 1 F","10","10","0%","0%","1","0","2","0","0","4","0","0","0","0","1","0","2","1","0","0","0","0"
"*055sk*","Nicolas Pepe","ARS","F","63","BUK","WAT 2<br/>@ARS 3 F","10","10","0%","0%","1","0","2","0","1","1","2","0","0","0","1","0","0","3","0","0","0","0"
"*03eke*","Ayoze Perez","LEI","F","69","Tim O","MUN 2<br/>@LEI 0 F","10","10","0%","0%","1","0","1","0","0","3","1","0","0","0","0","1","0","3","3","0","0","0"
"*04tsd*","Japhet Tanganga","TOT","D","356","FA","TOT 1<br/>@CRY 1 F","10","10","0%","0%","1","0","0","0","1","1","0","1","0","0","0","1","8","1","0","0","0","1"
"*052cd*","Mason Mount","CHE","M","40","RyRob","WOL 0<br/>@CHE 2 F","9.5","9.5","17%","0%","1","0","4","0","0","0","1","0","0","0","0","1","0","0","0","0","0","1"
"*051kq*","Todd Cantwell","NOR","M","95","NEAL","NOR 0<br/>@MCI 5 F","9.5","9.5","0%","0%","1","0","1","0","0","2","2","0","0","0","0","0","0","5","1","0","0","1"
"*0327o*","Gerard Deulofeu","WAT","F","64","FA","WAT 2<br/>@ARS 3 F","9.5","9.5","0%","0%","1","0","1","0","0","1","3","0","0","0","0","2","0","6","0","0","0","1"
"*03r8h*","Simon Francis","BOU","D","351","FA","BOU 3<br/>@EVE 1 F","9.5","9.5","0%","0%","1","0","1","0","0","2","0","0","0","0","0","2","2","0","3","0","0","0"
"*02oq3*","Jay Rodriguez","BUR","F","118","Noah B","BHA 2<br/>@BUR 1 F","9.5","9.5","0%","0%","1","0","0","0","1","2","1","0","0","0","0","1","0","1","8","0","0","0"
"*03dyk*","Jamie Vardy","LEI","F","8","Laeka B","MUN 2<br/>@LEI 0 F","9.5","9.5","0%","0%","1","0","1","0","2","0","0","0","0","0","0","1","0","1","3","0","0","0"
"*02rlu*","Craig Cathcart","WAT","D","242","FA","WAT 2<br/>@ARS 3 F","9.25","9.25","0%","0%","1","0","1","0","0","0","0","0","0","0","0","0","5","0","0","0","0","1"
"*02yl5*","John Stones","MCI","D","333","FA","NOR 0<br/>@MCI 5 F","9","9","4%","0%","1","0","1","0","0","1","0","0","0","0","0","2","0","1","7","0","2","0"
"*04e1h*","Dale Stephens","BHA","M","197","FA","BHA 2<br/>@BUR 1 F","9","9","0%","0%","1","0","1","0","0","3","0","0","0","0","0","3","2","0","2","0","0","0"
"*03rxi*","Georginio Wijnaldum","LIV","M","144","BUK","LIV 3<br/>@NEW 1 F","9","9","0%","0%","1","0","1","0","0","2","0","0","0","0","0","0","0","3","2","0","0","1"
"*05746*","Emil Krafth","NEW","D","389","FA","LIV 3<br/>@NEW 1 F","8.75","8.75","0%","0%","1","0","0","0","0","2","0","0","0","0","0","0","3","0","0","0","0","1"
"*051ko*","Kenny McLean","NOR","M","124","FA","NOR 0<br/>@MCI 5 F","8.5","8.5","0%","0%","1","0","1","0","0","0","2","0","0","0","0","5","1","0","3","0","0","1"
"*02m79*","Ryan Bertrand","SOU","D","133","FA","SHU 1<br/>@SOU 3 F","8.25","8.25","0%","0%","1","0","2","0","0","0","0","0","0","0","2","3","1","0","5","0","3","0"
"*04u6k*","Yerry Mina","EVE","D","143","BUK","BOU 3<br/>@EVE 1 F","8.25","8.25","0%","0%","1","0","0","0","1","1","0","0","0","0","0","1","5","0","5","0","1","0"
"*04t3u*","Diego Rico","BOU","D","86","NEAL","BOU 3<br/>@EVE 1 F","8.25","8.25","0%","0%","1","0","1","0","0","1","1","0","0","0","1","3","3","1","2","0","1","0"
"*04y92*","Bukayo Saka","ARS","F","203","FA","WAT 2<br/>@ARS 3 F","8","8","100%","0%","1","0","0","1","0","1","2","0","0","0","0","1","2","1","0","0","1","0"
"*03r8r*","Ryan Fraser","BOU","M","142","RyRob","BOU 3<br/>@EVE 1 F","8","8","0%","0%","1","0","3","0","0","1","0","0","0","0","1","0","0","0","0","0","0","0"
"*043by*","Nampalys Mendy","LEI","M","390","FA","MUN 2<br/>@LEI 0 F","8","8","0%","0%","1","0","0","0","1","2","1","0","0","0","0","3","0","1","1","0","0","0"
"*02lz9*","Alex Oxlade-Chamberlain","LIV","M","182","Wee Joe","LIV 3<br/>@NEW 1 F","8","8","0%","0%","1","0","0","0","1","2","0","0","0","0","1","0","0","2","0","0","0","1"
"*0570n*","Joao Cancelo","MCI","D","199","Wee Joe","NOR 0<br/>@MCI 5 F","7.75","7.75","0%","0%","1","0","1","0","0","0","1","0","0","0","0","4","1","3","3","0","2","0"
"*04yo6*","Miguel Almiron","NEW","M","82","Willy B","LIV 3<br/>@NEW 1 F","7.5","7.5","0%","0%","1","0","0","0","0","0","0","0","0","0","1","3","1","2","1","0","0","1"
"*02rlq*","Chris Basham","SHU","D","39","Willy B","SHU 1<br/>@SOU 3 F","7.5","7.5","0%","0%","1","0","0","0","0","1","1","0","0","0","0","4","4","1","3","0","1","0"
"*03jv0*","Sadio Mane","LIV","F","3","Laeka B","LIV 3<br/>@NEW 1 F","7.5","7.5","0%","0%","1","0","2","0","1","1","3","0","0","0","0","0","0","1","2","0","0","1"
"*052ca*","Ezri Konsa","AVL","D","251","FA","AVL 1<br/>@WHU 1 F","7.25","7.25","34%","-1%","1","0","0","0","1","2","0","0","0","0","0","1","1","2","2","0","1","0"
"*02ook*","Adrian Mariappa","WAT","D","401","FA","WAT 2<br/>@ARS 3 F","7.25","7.25","0%","0%","1","0","0","0","0","0","0","0","0","0","0","0","1","0","1","0","0","1"
"*03mml*","Dele Alli","TOT","M","96","Willy B","TOT 1<br/>@CRY 1 F","7","7","0%","0%","1","0","2","0","0","0","2","0","0","0","0","0","3","2","2","0","0","1"
"*037sc*","Erik Lamela","TOT","M","198","FA","TOT 1<br/>@CRY 1 F","7","7","0%","0%","1","0","1","0","1","0","2","0","0","0","0","0","1","3","0","0","0","1"
"*056mf*","Neal Maupay","BHA","F","88","NEAL","BHA 2<br/>@BUR 1 F","7","7","0%","0%","1","0","1","1","1","0","2","1","0","0","0","0","0","1","0","0","0","0"
"*02lvo*","David Silva","MCI","M","41","Wee Joe","NOR 0<br/>@MCI 5 F","7","7","0%","0%","1","0","1","0","1","1","0","0","0","0","0","1","0","1","0","0","0","0"
"*02vls*","Alexander Tettey","NOR","M","240","FA","NOR 0<br/>@MCI 5 F","7","7","0%","0%","1","0","1","0","0","1","0","0","0","0","0","2","0","0","2","0","0","1"
"*04fk9*","Jan Bednarek","SOU","D","115","NEAL","SHU 1<br/>@SOU 3 F","6.75","6.75","0%","0%","1","1","0","0","1","0","0","1","0","0","0","2","3","0","1","0","3","0"
"*04mi4*","Callum Hudson-Odoi","CHE","F","224","FA","WOL 0<br/>@CHE 2 F","6.5","6.5","51%","-3%","1","0","2","0","0","0","1","0","0","0","1","0","0","2","0","0","0","0"
"*0554i*","Joelinton","NEW","F","107","FA","LIV 3<br/>@NEW 1 F","6.5","6.5","43%","+1%","1","0","0","0","0","1","2","0","0","0","0","0","0","0","13","0","0","1"
"*04p0d*","Dwight McNeil","BUR","M","31","NEAL","BHA 2<br/>@BUR 1 F","6.5","6.5","40%","-5%","1","0","1","0","0","0","1","0","0","0","1","2","0","2","0","0","0","0"
"*03rxb*","Angelo Ogbonna","WHU","D","180","FA","AVL 1<br/>@WHU 1 F","6.5","6.5","0%","0%","1","0","0","0","0","1","0","0","0","0","0","1","2","0","6","0","1","0"
"*04rzo*","Lucas Torreira","ARS","M","278","FA","WAT 2<br/>@ARS 3 F","6.5","6.5","0%","0%","1","0","0","0","1","1","0","0","0","0","0","2","1","0","3","0","0","0"
"*051kc*","Christoph Zimmermann","NOR","D","344","FA","NOR 0<br/>@MCI 5 F","6.5","6.5","0%","0%","1","0","0","0","0","0","0","0","0","0","0","0","2","0","0","0","0","1"
"*056ir*","Adam Webster","BHA","D","125","FA","BHA 2<br/>@BUR 1 F","6.25","6.25","0%","0%","1","0","1","0","0","0","0","1","0","0","0","5","5","0","3","0","1","0"
"*03rec*","Tyrone Mings","AVL","D","214","FA","AVL 1<br/>@WHU 1 F","6","6","12%","-1%","1","0","0","0","0","1","0","0","0","0","0","2","4","1","3","0","1","0"
"*051kz*","George Baldock","SHU","D","29","Willy B","SHU 1<br/>@SOU 3 F","6","6","0%","0%","1","0","0","0","0","2","0","1","0","0","0","4","0","2","1","0","0","0"
"*02m7d*","Nathaniel Chalobah","WAT","M","341","FA","WAT 2<br/>@ARS 3 F","6","6","0%","0%","1","0","2","0","0","0","0","0","0","0","0","1","1","0","0","0","0","1"
"*03m3q*","Ainsley Maitland-Niles","ARS","M","293","BUK","WAT 2<br/>@ARS 3 F","6","6","0%","0%","1","0","0","0","0","1","2","0","0","0","0","2","1","3","2","0","1","0"
"*02llb*","James McCarthy","CRY","M","284","FA","TOT 1<br/>@CRY 1 F","6","6","0%","0%","1","0","1","0","0","2","0","0","0","0","0","1","0","1","0","0","0","0"
"*03gu4*","Harry Maguire","MUN","D","33","Ryan C","MUN 2<br/>@LEI 0 F","5.75","5.75","43%","+3%","1","0","0","0","0","1","0","0","0","0","0","3","7","0","4","0","2","0"
"*05229*","Frederic Guilbert","AVL","D","141","RyRob","AVL 1<br/>@WHU 1 F","5.75","5.75","0%","0%","1","0","0","0","0","4","4","0","0","0","0","1","3","1","1","0","0","0"
"*0427d*","James Tarkowski","BUR","D","18","Noah B","BHA 2<br/>@BUR 1 F","5.5","5.5","99%","0%","1","0","0","0","0","1","0","0","0","0","0","3","6","0","2","0","1","0"
"*02lkp*","Raheem Sterling","MCI","F","11","Wee Joe","NOR 0<br/>@MCI 5 F","5.5","5.5","1%","0%","1","0","0","0","0","0","1","0","0","0","1","1","0","3","2","0","0","0"
"*04f67*","Philip Billing","BOU","M","111","FA","BOU 3<br/>@EVE 1 F","5.5","5.5","0%","0%","1","0","0","0","0","1","1","0","0","0","0","2","1","0","6","0","0","0"
"*02m5c*","Phil Bardsley","BUR","D","163","Ryan C","BHA 2<br/>@BUR 1 F","5.5","5.5","0%","0%","1","0","0","0","0","3","0","0","0","0","0","2","2","0","2","0","1","0"
"*036nb*","Etienne Capoue","WAT","M","139","FA","WAT 2<br/>@ARS 3 F","5.5","5.5","0%","0%","1","0","0","0","0","3","1","1","0","0","0","3","0","1","2","0","0","1"
"*02m7w*","David Luiz","ARS","D","233","FA","WAT 2<br/>@ARS 3 F","5.5","5.5","0%","0%","1","0","0","0","0","1","0","0","0","0","0","1","2","1","4","0","1","0"
"*04u6q*","Caglar Soyuncu","LEI","D","75","FA","MUN 2<br/>@LEI 0 F","5.25","5.25","0%","0%","1","0","0","0","0","1","0","0","0","0","0","0","5","0","7","0","2","0"
"*02opl*","Jack Cork","BUR","M","212","FA","BHA 2<br/>@BUR 1 F","5","5","0%","0%","1","0","1","0","0","3","5","0","0","0","0","0","2","2","1","0","0","0"
"*0522r*","Moussa Djenepo","SOU","M","236","FA","SHU 1<br/>@SOU 3 F","5","5","0%","0%","1","0","0","0","1","1","0","0","0","0","0","0","0","2","0","0","0","0"
"*03yu2*","Abdoulaye Doucoure","WAT","M","83","NEAL","WAT 2<br/>@ARS 3 F","5","5","0%","0%","1","0","1","0","0","1","1","1","0","0","1","0","0","1","5","0","0","1"
"*02m5l*","John Egan","SHU","D","53","Wee Joe","SHU 1<br/>@SOU 3 F","5","5","0%","0%","1","0","0","0","0","2","0","0","0","0","0","2","4","0","2","0","1","0"
"*04s8k*","Jorginho","CHE","M","129","FA","WOL 0<br/>@CHE 2 F","5","5","0%","0%","1","0","1","0","0","0","2","0","0","0","0","4","0","0","0","0","0","0"
"*03g40*","Kelechi Iheanacho","LEI","F","188","Willy B","MUN 2<br/>@LEI 0 F","5","5","0%","0%","1","0","2","0","0","0","0","0","0","0","0","0","0","1","0","0","0","0"
"*04qra*","Romain Saiss","WOL","M","146","FA","WOL 0<br/>@CHE 2 F","5","5","0%","0%","1","0","0","0","0","1","0","0","0","0","0","2","5","0","4","0","2","0"
"*02lzn*","Theo Walcott","EVE","F","226","FA","BOU 3<br/>@EVE 1 F","5","5","0%","0%","1","0","1","0","1","1","2","0","0","0","0","1","0","0","0","0","0","0"
"*03jly*","Andreas Pereira","MUN","M","202","FA","MUN 2<br/>@LEI 0 F","4.5","4.5","7%","0%","1","0","1","0","1","1","4","0","0","0","0","0","2","1","1","0","0","0"
"*02lm3*","Fabian Delph","EVE","M","350","FA","BOU 3<br/>@EVE 1 F","4.5","4.5","0%","0%","1","0","0","0","0","1","0","0","0","0","0","1","2","2","1","0","0","0"
"*051lc*","Pablo Fornals","WHU","M","156","FA","AVL 1<br/>@WHU 1 F","4.5","4.5","0%","0%","1","0","0","0","1","1","0","0","0","0","0","1","0","0","1","0","0","0"
"*056iz*","Moise Kean","EVE","F","253","FA","BOU 3<br/>@EVE 1 F","4.5","4.5","0%","0%","1","0","1","0","0","0","1","0","0","0","0","1","0","2","0","0","0","0"
"*04gyz*","Jairo Riedewald","CRY","M","379","FA","TOT 1<br/>@CRY 1 F","4.5","4.5","0%","0%","1","0","0","0","0","1","0","0","0","0","0","3","2","0","1","0","2","0"
"*03r8t*","Matt Ritchie","NEW","M","187","Laeka B","LIV 3<br/>@NEW 1 F","4.5","4.5","0%","0%","1","0","0","0","0","0","0","0","0","0","0","1","1","1","3","0","0","1"
"*04t3s*","Joao Moutinho","WOL","M","35","Noah B","WOL 0<br/>@CHE 2 F","4.5","4.5","0%","0%","1","0","1","0","0","0","0","0","0","0","1","0","0","1","1","0","0","0"
"*02y6o*","Nathan Ake","BOU","D","195","FA","BOU 3<br/>@EVE 1 F","4.25","4.25","24%","+1%","1","0","0","0","1","0","0","0","0","0","0","1","5","0","2","0","1","0"
"*04agz*","Declan Rice","WHU","M","52","Willy B","AVL 1<br/>@WHU 1 F","4","4","100%","0%","1","0","0","0","0","2","1","0","0","0","0","1","0","0","3","0","0","0"
"*04rd1*","Stuart Armstrong","SOU","M","128","Laeka B","SHU 1<br/>@SOU 3 F","4","4","0%","0%","1","0","0","0","1","0","0","0","0","0","0","0","0","2","0","0","0","0"
"*04qr4*","Kortney Hause","AVL","D","248","FA","AVL 1<br/>@WHU 1 F","4","4","0%","0%","1","0","0","0","0","1","3","0","0","0","0","3","6","1","1","0","1","0"
"*043qz*","Pierre-Emile Hojbjerg","SOU","M","89","Willy B","SHU 1<br/>@SOU 3 F","4","4","0%","0%","1","0","0","0","0","0","0","0","0","0","0","2","3","1","2","0","0","0"
"*0574a*","Giovani Lo Celso","TOT","M","220","FA","TOT 1<br/>@CRY 1 F","4","4","0%","0%","1","0","0","0","0","0","0","0","0","0","0","0","4","2","2","0","0","1"
"*0570m*","Djibril Sidibe","EVE","D","132","FA","BOU 3<br/>@EVE 1 F","4","4","0%","0%","1","0","0","0","0","2","0","0","0","0","0","1","0","0","1","0","0","0"
"*04tzt*","Jefferson Lerma","BOU","M","211","FA","BOU 3<br/>@EVE 1 F","3.5","3.5","22%","-4%","1","0","0","0","0","0","1","0","0","0","0","3","1","0","2","0","0","0"
"*0410j*","Tammy Abraham","CHE","F","38","NEAL","WOL 0<br/>@CHE 2 F","3.5","3.5","14%","-5%","1","0","0","0","1","0","0","0","0","0","0","0","0","1","1","0","0","1"
"*045yy*","Arthur Masuaku","WHU","D","339","FA","AVL 1<br/>@WHU 1 F","3.5","3.5","0%","0%","1","0","0","0","0","1","1","0","0","0","0","1","0","1","1","0","0","0"
"*03rle*","Christian Fuchs","LEI","D","342","FA","MUN 2<br/>@LEI 0 F","3.5","3.5","0%","0%","1","0","0","0","0","1","0","0","0","0","1","1","6","0","3","0","2","0"
"*03eki*","Cheikhou Kouyate","CRY","M","158","FA","TOT 1<br/>@CRY 1 F","3.5","3.5","0%","0%","1","0","0","0","0","1","1","0","0","0","0","1","1","0","4","0","0","0"
"*03rxs*","Harry Wilson","BOU","M","162","FA","BOU 3<br/>@EVE 1 F","3","3","98%","0%","1","0","1","0","0","1","0","0","0","0","0","0","0","0","0","0","0","0"
"*04fk1*","Pascal Gross","BHA","M","119","FA","BHA 2<br/>@BUR 1 F","3","3","74%","0%","1","0","1","0","0","0","0","0","0","0","1","0","0","0","0","0","0","0"
"*0554u*","Trezeguet","AVL","M","116","FA","AVL 1<br/>@WHU 1 F","3","3","0%","0%","1","0","1","0","0","0","1","0","0","0","0","0","0","1","1","0","0","0"
"*043c0*","Aaron Mooy","BHA","M","135","FA","BHA 2<br/>@BUR 1 F","3","3","0%","0%","1","0","0","0","0","0","5","0","0","0","0","3","0","2","1","0","0","0"
"*02rn6*","James Tomkins","CRY","D","259","FA","TOT 1<br/>@CRY 1 F","2.75","2.75","0%","0%","1","0","0","0","0","1","0","0","0","0","0","0","15","0","2","0","2","0"
"*02lpl*","Seamus Coleman","EVE","D","244","FA","BOU 3<br/>@EVE 1 F","2.5","2.5","0%","0%","1","0","1","0","0","1","1","0","0","0","0","1","0","0","1","0","1","0"
"*058vf*","Steven Alzate","BHA","F","290","FA","BHA 2<br/>@BUR 1 F","2.5","2.5","0%","0%","1","0","0","0","0","0","5","0","0","0","0","2","0","2","2","0","1","0"
"*04k4j*","Aaron Connolly","BHA","F","282","FA","BHA 2<br/>@BUR 1 F","2.5","2.5","0%","0%","1","0","1","0","0","0","1","0","0","0","0","0","0","0","2","0","0","1"
"*040ah*","Tom Davies","EVE","M","277","FA","BOU 3<br/>@EVE 1 F","2.5","2.5","0%","0%","1","0","0","0","0","2","1","0","0","0","0","0","1","0","2","0","0","0"
"*02ltx*","Dan Gosling","BOU","M","279","FA","BOU 3<br/>@EVE 1 F","2.5","2.5","0%","0%","1","0","0","0","1","1","3","0","0","0","0","1","0","0","0","0","0","0"
"*02m08*","Grant Hanley","NOR","D","352","FA","NOR 0<br/>@MCI 5 F","2.5","2.5","0%","0%","1","0","0","0","0","1","0","0","0","0","0","0","2","0","1","0","0","0"
"*02lnn*","Oliver Norwood","SHU","M","71","Willy B","SHU 1<br/>@SOU 3 F","2.5","2.5","0%","0%","1","0","1","0","0","0","1","1","0","0","1","3","0","0","0","0","0","0"
"*051l0*","Jack O'Connell","SHU","D","57","Laeka B","SHU 1<br/>@SOU 3 F","2.5","2.5","0%","0%","1","0","1","0","0","0","2","0","0","0","0","0","2","0","3","0","1","0"
"*04yo7*","Youri Tielemans","LEI","M","55","RyRob","MUN 2<br/>@LEI 0 F","2","2","85%","-3%","1","0","0","0","0","0","0","0","0","0","1","1","0","0","0","0","0","0"
"*0435m*","Granit Xhaka","ARS","M","223","FA","WAT 2<br/>@ARS 3 F","2","2","80%","+1%","1","0","0","0","0","1","1","1","0","0","1","1","3","0","5","0","0","0"
"*02oq6*","Luke Shaw","MUN","D","181","FA","MUN 2<br/>@LEI 0 F","2","2","54%","+3%","1","0","0","0","0","0","0","1","0","0","0","2","12","1","1","0","1","0"
"*04ug0*","Sean Longstaff","NEW","M","254","FA","LIV 3<br/>@NEW 1 F","2","2","12%","0%","1","0","0","0","0","0","0","0","0","0","0","1","2","1","0","0","0","0"
"*04ge9*","Eddie Nketiah","ARS","F","369","FA","WAT 2<br/>@ARS 3 F","2","2","3%","0%","1","0","1","0","0","0","0","0","0","0","0","0","0","0","0","0","0","0"
"*05g4f*","Gedson Fernandes","TOT","M","422","FA","TOT 1<br/>@CRY 1 F","2","2","0%","0%","1","0","1","0","0","0","0","0","0","0","0","0","0","0","0","0","0","0"
"*0522t*","Anwar El Ghazi","AVL","M","101","FA","AVL 1<br/>@WHU 1 F","2","2","0%","0%","1","0","0","0","0","0","3","0","0","0","0","0","0","3","1","0","0","0"
"*03dxq*","Danny Ings","SOU","F","13","Noah B","SHU 1<br/>@SOU 3 F","2","2","0%","0%","1","0","0","0","0","0","0","0","0","0","0","1","0","0","2","0","0","0"
"*03sd5*","Manuel Lanzini","WHU","M","208","FA","AVL 1<br/>@WHU 1 F","2","2","0%","0%","1","0","0","0","0","1","2","0","0","0","0","2","0","0","0","0","0","0"
"*03vlm*","Anthony Martial","MUN","F","22","BUK","MUN 2<br/>@LEI 0 F","2","2","0%","0%","1","0","0","0","1","0","3","0","0","0","1","0","2","0","1","0","0","0"
"*02m7z*","Juan Mata","MUN","M","338","FA","MUN 2<br/>@LEI 0 F","2","2","0%","0%","1","0","0","0","1","0","0","0","0","0","0","0","0","0","0","0","0","0"
"*04idk*","Davy Propper","BHA","M","140","FA","BHA 2<br/>@BUR 1 F","2","2","0%","0%","1","0","0","0","0","1","0","0","0","0","0","1","1","0","0","0","0","0"
"*04qr6*","Ruben Neves","WOL","M","114","Ryan C","WOL 0<br/>@CHE 2 F","2","2","0%","0%","1","0","0","0","0","2","0","1","0","0","0","1","0","1","2","0","0","0"
"*04mdn*","Anthony Gordon","EVE","M,F","358","FA","BOU 3<br/>@EVE 1 F","1.5","1.5","96%","-1%","1","0","0","0","0","1","1","0","0","0","0","0","0","1","0","0","0","0"
"*04fw3*","Alexandre Lacazette","ARS","F","80","NEAL","WAT 2<br/>@ARS 3 F","1.5","1.5","0%","0%","1","0","1","0","0","0","1","0","0","0","0","0","0","0","0","0","0","1"
"*04g1w*","Antonio Rudiger","CHE","D","261","FA","WOL 0<br/>@CHE 2 F","1.5","1.5","0%","0%","1","0","0","0","0","0","0","0","0","0","0","0","2","0","3","0","1","0"
"*04e1c*","Lewis Dunk","BHA","D","100","NEAL","BHA 2<br/>@BUR 1 F","1.25","1.25","32%","+5%","1","0","1","0","0","1","0","1","0","0","0","1","1","0","2","0","1","0"
"*03fgo*","Dominic Solanke","BOU","F","232","FA","BOU 3<br/>@EVE 1 F","1","1","62%","-4%","1","0","0","0","0","0","0","0","0","0","0","0","1","0","2","0","0","0"
"*03r8x*","Callum Wilson","BOU","F","106","FA","BOU 3<br/>@EVE 1 F","1","1","16%","+4%","1","0","0","0","1","1","3","1","0","0","0","0","0","1","3","0","0","0"
"*043qy*","Lewis Cook","BOU","M","316","FA","BOU 3<br/>@EVE 1 F","1","1","12%","0%","1","0","0","0","0","1","0","0","0","0","0","0","1","0","0","0","0","0"
"*02lpf*","Ross Barkley","CHE","M","183","FA","WOL 0<br/>@CHE 2 F","1","1","11%","-2%","1","0","0","0","0","0","0","0","0","0","0","0","0","1","0","0","0","0"
"*04u6m*","Bernard","EVE","M,F","194","FA","BOU 3<br/>@EVE 1 F","1","1","0%","0%","1","0","0","0","0","0","2","0","0","0","0","2","1","0","0","0","0","0"
"*03sgc*","Jordan Ayew","CRY","F","54","RyRob","TOT 1<br/>@CRY 1 F","1","1","0%","0%","1","0","0","0","0","0","3","1","0","0","0","0","2","3","5","0","0","0"
"*047j1*","Sofiane Boufal","SOU","M","260","FA","SHU 1<br/>@SOU 3 F","1","1","0%","0%","1","0","0","0","0","0","0","0","0","0","0","0","0","1","0","0","0","0"
"*051ki*","Ben Godfrey","NOR","D,M","374","FA","NOR 0<br/>@MCI 5 F","1","1","0%","0%","1","0","0","0","0","0","0","0","0","1","0","0","0","0","2","0","0","1"
"*02opy*","Adam Lallana","LIV","M","372","FA","LIV 3<br/>@NEW 1 F","1","1","0%","0%","1","0","0","0","0","0","0","0","0","0","0","1","1","0","0","0","0","0"
"*0327p*","John Lundstram","SHU","D,M","108","Tim O","SHU 1<br/>@SOU 3 F","1","1","0%","0%","1","0","0","0","0","1","0","0","0","0","0","0","1","0","0","0","0","0"
"*02lla*","James McArthur","CRY","M","91","FA","TOT 1<br/>@CRY 1 F","1","1","0%","0%","1","0","1","0","0","2","2","1","0","0","0","1","9","0","0","0","0","0"
"*059j3*","Brandon Williams","MUN","D","267","Noah B","MUN 2<br/>@LEI 0 F","1","1","0%","0%","1","0","0","0","0","1","3","0","0","0","0","0","2","0","1","0","0","0"
"*0522s*","Che Adams","SOU","F","201","FA","SHU 1<br/>@SOU 3 F","0.5","0.5","0%","0%","1","0","0","0","0","0","0","0","0","0","0","0","0","0","1","0","0","0"
"*03pie*","Divock Origi","LIV","F","250","FA","LIV 3<br/>@NEW 1 F","0.5","0.5","0%","0%","1","0","0","0","0","0","0","0","0","0","0","0","1","0","1","0","0","0"
"*05g4e*","Ignacio Pussetto","WAT","M","437","FA","WAT 2<br/>@ARS 3 F","0.5","0.5","0%","0%","1","0","0","0","0","0","1","0","0","0","0","0","0","1","0","0","0","0"
"*04yey*","Max Kilman","WOL","D","409","FA","WOL 0<br/>@CHE 2 F","0.25","0.25","19%","0%","1","0","0","0","0","0","0","0","0","0","0","0","1","0","0","0","0","0"
"*04fk8*","Victor Lindelof","MUN","D","169","FA","MUN 2<br/>@LEI 0 F","0.25","0.25","1%","0%","1","0","0","0","0","1","0","0","0","0","0","0","5","0","2","0","2","0"
"*02lk9*","Martin Kelly","CRY","D","238","FA","TOT 1<br/>@CRY 1 F","0.25","0.25","0%","0%","1","0","0","0","0","1","0","0","0","0","0","1","5","0","1","0","2","0"
"*046c5*","Jarrod Bowen","HUL/WHU","F","231","Laeka B","AVL 1<br/>@WHU 1 F","0","0","100%","0%","0","0","0","0","0","0","0","0","0","0","0","0","0","0","0","0","0","0"
"*05gcr*","Bruno Fernandes","MUN","M","85","BUK","MUN 2<br/>@LEI 0 F","0","0","100%","0%","0","0","0","0","0","0","0","0","0","0","0","0","0","0","0","0","0","0"
"*05g2o*","Joao Pedro","WAT","F","436","FA","WAT 2<br/>@ARS 3 F","0","0","100%","0%","0","0","0","0","0","0","0","0","0","0","0","0","0","0","0","0","0","0"
"*05l8q*","Cole Palmer","MCI","M","588","FA","NOR 0<br/>@MCI 5 F","0","0","100%","0%","0","0","0","0","0","0","0","0","0","0","0","0","0","0","0","0","0","0"
"*04qr9*","Morgan Gibbs-White","WOL","M","406","FA","WOL 0<br/>@CHE 2 F","0","0","99%","0%","0","0","0","0","0","0","0","0","0","0","0","0","0","0","0","0","0","0"
"*0558w*","William Saliba","ARS","D","606","FA","WAT 2<br/>@ARS 3 F","0","0","99%","0%","0","0","0","0","0","0","0","0","0","0","0","0","0","0","0","0","0","0"
"*05a6e*","Neco Williams","LIV","D","383","FA","LIV 3<br/>@NEW 1 F","0","0","98%","0%","0","0","0","0","0","0","0","0","0","0","0","0","0","0","0","0","0","0"
"*05akv*","Tyrick Mitchell","CRY","D","433","FA","TOT 1<br/>@CRY 1 F","0","0","97%","0%","0","0","0","0","0","0","0","0","0","0","0","0","0","0","0","0","0","0"
"*04abb*","Phil Foden","MCI","M","167","Wee Joe","NOR 0<br/>@MCI 5 F","0","0","97%","+5%","0","0","0","0","0","0","0","0","0","0","0","0","0","0","0","0","0","0"
"*03ybi*","Marcus Rashford","MUN","F","17","RyRob","MUN 2<br/>@LEI 0 F","0","0","92%","0%","0","0","0","0","0","0","0","0","0","0","0","0","0","0","0","0","0","0"
"*02lnx*","Danny Welbeck","WAT","F","324","FA","WAT 2<br/>@ARS 3 F","0","0","89%","+1%","0","0","0","0","0","0","0","0","0","0","0","0","0","0","0","0","0","0"
"*05gcc*","Kiernan Dewsbury-Hall","LEI","M","506","FA","MUN 2<br/>@LEI 0 F","0","0","86%","0%","0","0","0","0","0","0","0","0","0","0","0","0","0","0","0","0","0","0"
"*0522h*","Alexis Mac Allister","BHA","M","395","FA","BHA 2<br/>@BUR 1 F","0","0","85%","-2%","0","0","0","0","0","0","0","0","0","0","0","0","0","0","0","0","0","0"
"*04spw*","James Garner","MUN","M","521","FA","MUN 2<br/>@LEI 0 F","0","0","84%","0%","0","0","0","0","0","0","0","0","0","0","0","0","0","0","0","0","0","0"
"*038ze*","Alex Iwobi","EVE","M,F","185","BUK","BOU 3<br/>@EVE 1 F","0","0","83%","+7%","0","0","0","0","0","0","0","0","0","0","0","0","0","0","0","0","0","0"
"*04io4*","Richarlison","EVE","F","26","Tim O","BOU 3<br/>@EVE 1 F","0","0","80%","+1%","0","0","0","0","0","0","0","0","0","0","0","0","0","0","0","0","0","0"
"*0524k*","Rodri","MCI","M","112","BUK","NOR 0<br/>@MCI 5 F","0","0","76%","-2%","1","0","0","0","0","0","0","0","0","0","0","0","0","0","0","0","0","0"
"*02lsa*","Dan Burn","BHA","D","76","Ryan C","BHA 2<br/>@BUR 1 F","0","0","75%","+1%","0","0","0","0","0","0","0","0","0","0","0","0","0","0","0","0","0","0"
"*0327r*","Michael Keane","EVE","D","123","Tim O","BOU 3<br/>@EVE 1 F","0","0","71%","+3%","0","0","0","0","0","0","0","0","0","0","0","0","0","0","0","0","0","0"
"*051k0*","John McGinn","AVL","M","73","Laeka B","AVL 1<br/>@WHU 1 F","0","0","69%","0%","0","0","0","0","0","0","0","0","0","0","0","0","0","0","0","0","0","0"
"*05220*","Sepp van den Berg","LIV","D","647","FA","LIV 3<br/>@NEW 1 F","0","0","64%","-4%","0","0","0","0","0","0","0","0","0","0","0","0","0","0","0","0","0","0"
"*05gcp*","Tomas Soucek","WHU","M","239","NEAL","AVL 1<br/>@WHU 1 F","0","0","43%","-3%","0","0","0","0","0","0","0","0","0","0","0","0","0","0","0","0","0","0"
"*052cb*","Ian Maatsen","CHE","D","568","FA","WOL 0<br/>@CHE 2 F","0","0","40%","-2%","0","0","0","0","0","0","0","0","0","0","0","0","0","0","0","0","0","0"
"*0521z*","James Justin","LEI","D","300","Laeka B","MUN 2<br/>@LEI 0 F","0","0","32%","-5%","0","0","0","0","0","0","0","0","0","0","0","0","0","0","0","0","0","0"
"*04tig*","Fabian Schar","NEW","D","210","FA","LIV 3<br/>@NEW 1 F","0","0","28%","0%","0","0","0","0","0","0","0","0","0","0","0","0","0","0","0","0","0","0"
"*04qfm*","Ryan Sessegnon","TOT","M","404","FA","TOT 1<br/>@CRY 1 F","0","0","25%","-1%","0","0","0","0","0","0","0","0","0","0","0","0","0","0","0","0","0","0"
"*05l27*","Jarrad Branthwaite","EVE","D","403","FA","BOU 3<br/>@EVE 1 F","0","0","23%","-1%","0","0","0","0","0","0","0","0","0","0","0","0","0","0","0","0","0","0"
"*04o82*","Curtis Jones","LIV","M","392","FA","LIV 3<br/>@NEW 1 F","0","0","19%","0%","0","0","0","0","0","0","0","0","0","0","0","0","0","0","0","0","0","0"
"*05gcs*","Sander Berge","SHU","M","302","Laeka B","SHU 1<br/>@SOU 3 F","0","0","14%","0%","0","0","0","0","0","0","0","0","0","0","0","0","0","0","0","0","0","0"
"*057cr*","Kevin Danso","SOU","D","412","FA","SHU 1<br/>@SOU 3 F","0","0","12%","0%","0","0","0","0","0","0","0","0","0","0","0","0","0","0","0","0","0","0"
"*051k3*","Jacob Ramsey","AVL","M","598","FA","AVL 1<br/>@WHU 1 F","0","0","12%","+1%","0","0","0","0","0","0","0","0","0","0","0","0","0","0","0","0","0","0"
"*02lp9*","Kyle Walker","MCI","D","121","RyRob","NOR 0<br/>@MCI 5 F","0","0","11%","0%","0","0","0","0","0","0","0","0","0","0","0","0","0","0","0","0","0","0"
"*04ge8*","Reiss Nelson","ARS","F","328","FA","WAT 2<br/>@ARS 3 F","0","0","9%","0%","0","0","0","0","0","0","0","0","0","0","0","0","0","0","0","0","0","0"
"*04xjr*","Harvey Elliott","LIV","M","456","FA","LIV 3<br/>@NEW 1 F","0","0","8%","0%","0","0","0","0","0","0","0","0","0","0","0","0","0","0","0","0","0","0"
"*03zsq*","Kyle Walker-Peters","TOT/SOU","D","329","FA","SHU 1<br/>@SOU 3 F","0","0","8%","-5%","0","0","0","0","0","0","0","0","0","0","0","0","0","0","0","0","0","0"
"*04rh9*","David Brooks","BOU","M","364","Noah B","BOU 3<br/>@EVE 1 F","0","0","8%","0%","0","0","0","0","0","0","0","0","0","0","0","0","0","0","0","0","0","0"
"*05gcx*","Josh Brownhill","BUR","M","368","FA","BHA 2<br/>@BUR 1 F","0","0","3%","0%","0","0","0","0","0","0","0","0","0","0","0","0","0","0","0","0","0","0"
"*04u41*","Mateo Kovacic","CHE","M","134","FA","WOL 0<br/>@CHE 2 F","0","0","2%","0%","0","0","0","0","0","0","0","0","0","0","0","0","0","0","0","0","0","0"
"*05gvx*","Armando Broja","CHE","F","648","FA","WOL 0<br/>@CHE 2 F","0","0","2%","0%","0","0","0","0","0","0","0","0","0","0","0","0","0","0","0","0","0","0"
"*04ge6*","Joe Willock","ARS","M","309","FA","WAT 2<br/>@ARS 3 F","0","0","2%","-1%","0","0","0","0","0","0","0","0","0","0","0","0","0","0","0","0","0","0"
"*04f6o*","Will Hughes","WAT","M","179","Tim O","WAT 2<br/>@ARS 3 F","0","0","2%","0%","0","0","0","0","0","0","0","0","0","0","0","0","0","0","0","0","0","0"
"*04sft*","Yves Bissouma","BHA","M","243","FA","BHA 2<br/>@BUR 1 F","0","0","2%","0%","0","0","0","0","0","0","0","0","0","0","0","0","0","0","0","0","0","0"
"*043c1*","Oleksandr Zinchenko","MCI","D,M","221","FA","NOR 0<br/>@MCI 5 F","0","0","1%","0%","0","0","0","0","0","0","0","0","0","0","0","0","0","0","0","0","0","0"
"*02oo1*","Ben Davies","TOT","D","264","FA","TOT 1<br/>@CRY 1 F","0","0","1%","0%","0","0","0","0","0","0","0","0","0","0","0","0","0","0","0","0","0","0"
"*04e1k*","Solly March","BHA","M","276","Tim O","BHA 2<br/>@BUR 1 F","0","0","1%","0%","0","0","0","0","0","0","0","0","0","0","0","0","0","0","0","0","0","0"
"*04yjx*","Ki-Jana Hoever","LIV","D","537","FA","LIV 3<br/>@NEW 1 F","0","0","1%","0%","0","0","0","0","0","0","0","0","0","0","0","0","0","0","0","0","0","0"
"*02lv9*","James Milner","LIV","M","308","FA","LIV 3<br/>@NEW 1 F","0","0","1%","0%","0","0","0","0","0","0","0","0","0","0","0","0","0","0","0","0","0","0"
"*03xrs*","Axel Tuanzebe","MUN","D","445","FA","MUN 2<br/>@LEI 0 F","0","0","1%","0%","0","0","0","0","0","0","0","0","0","0","0","0","0","0","0","0","0","0"
"*05g4d*","Dennis Cirkin","TOT","D","493","FA","TOT 1<br/>@CRY 1 F","0","0","1%","0%","0","0","0","0","0","0","0","0","0","0","0","0","0","0","0","0","0","0"
"*03v6t*","Ben Chilwell","LEI","D","62","FA","MUN 2<br/>@LEI 0 F","0","0","0%","0%","0","0","0","0","0","0","0","0","0","0","0","0","0","0","0","0","0","0"
"*04qr0*","Willy Boly","WOL","D","93","Laeka B","WOL 0<br/>@CHE 2 F","0","0","0%","0%","0","0","0","0","0","0","0","0","0","0","0","0","0","0","0","0","0","0"
"*03vll*","Michail Antonio","WHU","M","36","OATW","AVL 1<br/>@WHU 1 F","0","0","0%","0%","0","0","0","0","0","0","0","0","0","0","0","0","0","0","0","0","0","0"
"*05a6d*","Tariq Lamptey","CHE/BHA","D","317","FA","BHA 2<br/>@BUR 1 F","0","0","0%","0%","0","0","0","0","0","0","0","0","0","0","0","0","0","0","0","0","0","0"
"*03dxr*","Ashley Barnes","BUR","F","241","Tim O","BHA 2<br/>@BUR 1 F","0","0","0%","0%","0","0","0","0","0","0","0","0","0","0","0","0","0","0","0","0","0","0"
"*044nm*","Rob Holding","ARS","D","398","FA","WAT 2<br/>@ARS 3 F","0","0","0%","0%","0","0","0","0","0","0","0","0","0","0","0","0","0","0","0","0","0","0"
"*04ylt*","Chris Mepham","BOU","D","334","FA","BOU 3<br/>@EVE 1 F","0","0","0%","0%","0","0","0","0","0","0","0","0","0","0","0","0","0","0","0","0","0","0"
"*04mmx*","Michael Obafemi","SOU","F","301","FA","SHU 1<br/>@SOU 3 F","0","0","0%","0%","0","0","0","0","0","0","0","0","0","0","0","0","0","0","0","0","0","0"
"*03hfd*","Rolando Aarons","NEW","M","460","FA","LIV 3<br/>@NEW 1 F","0","0","0%","0%","0","0","0","0","0","0","0","0","0","0","0","0","0","0","0","0","0","0"
"*05745*","Albian Ajeti","WHU","F","434","FA","AVL 1<br/>@WHU 1 F","0","0","0%","0%","1","0","0","0","0","0","0","0","0","0","0","0","0","0","0","0","0","0"
"*02lls*","Marc Albrighton","LEI","M","257","FA","MUN 2<br/>@LEI 0 F","0","0","0%","0%","0","0","0","0","0","0","0","0","0","0","0","0","0","0","0","0","0","0"
"*02m66*","Marcos Alonso","CHE","D","68","RyRob","WOL 0<br/>@CHE 2 F","0","0","0%","0%","0","0","0","0","0","0","0","0","0","0","0","0","0","0","0","0","0","0"
"*03ysm*","Daniel Amartey","LEI","D,M","464","FA","MUN 2<br/>@LEI 0 F","0","0","0%","0%","0","0","0","0","0","0","0","0","0","0","0","0","0","0","0","0","0","0"
"*059j0*","Faustino Anjorin","CHE","M","458","FA","WOL 0<br/>@CHE 2 F","0","0","0%","0%","0","0","0","0","0","0","0","0","0","0","0","0","0","0","0","0","0","0"
"*058vb*","Cameron Archer","AVL","F","466","FA","AVL 1<br/>@WHU 1 F","0","0","0%","0%","0","0","0","0","0","0","0","0","0","0","0","0","0","0","0","0","0","0"
"*03dda*","Christian Atsu","NEW","M","321","FA","LIV 3<br/>@NEW 1 F","0","0","0%","0%","0","0","0","0","0","0","0","0","0","0","0","0","0","0","0","0","0","0"
"*04mqy*","Pierre-Emerick Aubameyang","ARS","F","15","BUK","WAT 2<br/>@ARS 3 F","0","0","0%","0%","0","0","0","0","0","0","0","0","0","0","0","0","0","0","0","0","0","0"
"*0435u*","Eric Bailly","MUN","D","405","FA","MUN 2<br/>@LEI 0 F","0","0","0%","0%","0","0","0","0","0","0","0","0","0","0","0","0","0","0","0","0","0","0"
"*02lpe*","Leighton Baines","EVE","D","378","FA","BOU 3<br/>@EVE 1 F","0","0","0%","0%","0","0","0","0","0","0","0","0","0","0","0","0","0","0","0","0","0","0"
"*04ggd*","Tiemoue Bakayoko","CHE","M","469","FA","WOL 0<br/>@CHE 2 F","0","0","0%","0%","0","0","0","0","0","0","0","0","0","0","0","0","0","0","0","0","0","0"
"*04sau*","Fabian Balbuena","WHU","D","286","FA","AVL 1<br/>@WHU 1 F","0","0","0%","0%","0","0","0","0","0","0","0","0","0","0","0","0","0","0","0","0","0","0"
"*059iq*","Folarin Balogun","ARS","F","470","FA","WAT 2<br/>@ARS 3 F","0","0","0%","0%","0","0","0","0","0","0","0","0","0","0","0","0","0","0","0","0","0","0"
"*04lnt*","Beni Baningime","EVE","M","472","FA","BOU 3<br/>@EVE 1 F","0","0","0%","0%","0","0","0","0","0","0","0","0","0","0","0","0","0","0","0","0","0","0"
"*05lus*","Lewis Bate","CHE","M","474","FA","WOL 0<br/>@CHE 2 F","0","0","0%","0%","0","0","0","0","0","0","0","0","0","0","0","0","0","0","0","0","0","0"
"*043bx*","Michy Batshuayi","CHE","F","370","FA","WOL 0<br/>@CHE 2 F","0","0","0%","0%","1","0","0","0","0","0","0","0","0","0","0","0","0","0","0","0","0","0"
"*0326y*","Hector Bellerin","ARS","D","315","FA","WAT 2<br/>@ARS 3 F","0","0","0%","0%","0","0","0","0","0","0","0","0","0","0","0","0","0","0","0","0","0","0"
"*02m38*","Ryan Bennett","WOL/LEI","D","371","FA","MUN 2<br/>@LEI 0 F","0","0","0%","0%","0","0","0","0","0","0","0","0","0","0","0","0","0","0","0","0","0","0"
"*039vh*","Nabil Bentaleb","TOT/NEW","M","346","FA","LIV 3<br/>@NEW 1 F","0","0","0%","0%","0","0","0","0","0","0","0","0","0","0","0","0","0","0","0","0","0","0"
"*02w6v*","Christian Benteke","CRY","F","168","FA","TOT 1<br/>@CRY 1 F","0","0","0%","0%","0","0","0","0","0","0","0","0","0","0","0","0","0","0","0","0","0","0"
"*05gcn*","Steven Bergwijn","TOT","F","310","NEAL","TOT 1<br/>@CRY 1 F","0","0","0%","0%","0","0","0","0","0","0","0","0","0","0","0","0","0","0","0","0","0","0"
"*04t94*","Adrian Bernabe","MCI","M","477","FA","NOR 0<br/>@MCI 5 F","0","0","0%","0%","0","0","0","0","0","0","0","0","0","0","0","0","0","0","0","0","0","0"
"*0329j*","Yannick Bolasie","EVE","F","480","FA","BOU 3<br/>@EVE 1 F","0","0","0%","0%","0","0","0","0","0","0","0","0","0","0","0","0","0","0","0","0","0","0"
"*0328o*","Robbie Brady","BUR","M","340","FA","BHA 2<br/>@BUR 1 F","0","0","0%","0%","0","0","0","0","0","0","0","0","0","0","0","0","0","0","0","0","0","0"
"*051l3*","Kean Bryan","SHU","D","483","FA","SHU 1<br/>@SOU 3 F","0","0","0%","0%","0","0","0","0","0","0","0","0","0","0","0","0","0","0","0","0","0","0"
"*04qr5*","Oskar Buur","WOL","D","486","FA","WOL 0<br/>@CHE 2 F","0","0","0%","0%","0","0","0","0","0","0","0","0","0","0","0","0","0","0","0","0","0","0"
"*05gbo*","Leonardo Campana","WOL","F","488","FA","WOL 0<br/>@CHE 2 F","0","0","0%","0%","0","0","0","0","0","0","0","0","0","0","0","0","0","0","0","0","0","0"
"*05a6j*","Chem Campbell","WOL","F","489","FA","WOL 0<br/>@CHE 2 F","0","0","0%","0%","0","0","0","0","0","0","0","0","0","0","0","0","0","0","0","0","0","0"
"*02ljq*","Andy Carroll","NEW","F","263","FA","LIV 3<br/>@NEW 1 F","0","0","0%","0%","0","0","0","0","0","0","0","0","0","0","0","0","0","0","0","0","0","0"
"*05gcq*","Daniel Podence","WOL","M","359","NEAL","WOL 0<br/>@CHE 2 F","0","0","0%","0%","0","0","0","0","0","0","0","0","0","0","0","0","0","0","0","0","0","0"
"*056ix*","Bruno Jordao","WOL","M","446","FA","WOL 0<br/>@CHE 2 F","0","0","0%","0%","0","0","0","0","0","0","0","0","0","0","0","0","0","0","0","0","0","0"
"*0558o*","Dani Ceballos","ARS","M","178","OATW","WAT 2<br/>@ARS 3 F","0","0","0%","0%","0","0","0","0","0","0","0","0","0","0","0","0","0","0","0","0","0","0"
"*02t1j*","Calum Chambers","ARS","D","288","BUK","WAT 2<br/>@ARS 3 F","0","0","0%","0%","0","0","0","0","0","0","0","0","0","0","0","0","0","0","0","0","0","0"
"*04spx*","Tahith Chong","MUN","M","454","FA","MUN 2<br/>@LEI 0 F","0","0","0%","0%","0","0","0","0","0","0","0","0","0","0","0","0","0","0","0","0","0","0"
"*04lax*","Hamza Choudhury","LEI","M","349","FA","MUN 2<br/>@LEI 0 F","0","0","0%","0%","0","0","0","0","0","0","0","0","0","0","0","0","0","0","0","0","0","0"
"*02lx5*","Leon Clarke","SHU","F","455","FA","SHU 1<br/>@SOU 3 F","0","0","0%","0%","0","0","0","0","0","0","0","0","0","0","0","0","0","0","0","0","0","0"
"*02lmz*","Tom Cleverley","WAT","M","304","FA","WAT 2<br/>@ARS 3 F","0","0","0%","0%","0","0","0","0","0","0","0","0","0","0","0","0","0","0","0","0","0","0"
"*02ljr*","Conor Coady","WOL","D","252","FA","WOL 0<br/>@CHE 2 F","0","0","0%","0%","1","0","0","0","0","1","0","0","0","0","0","1","0","0","2","0","2","0"
"*04ybk*","Xande Silva","WHU","F","498","FA","AVL 1<br/>@WHU 1 F","0","0","0%","0%","0","0","0","0","0","0","0","0","0","0","0","0","0","0","0","0","0","0"
"*04xjt*","Conor Coventry","WHU","M","499","FA","AVL 1<br/>@WHU 1 F","0","0","0%","0%","0","0","0","0","0","0","0","0","0","0","0","0","0","0","0","0","0","0"
"*052k1*","Luke Cundle","WOL","M","501","FA","WOL 0<br/>@CHE 2 F","0","0","0%","0%","0","0","0","0","0","0","0","0","0","0","0","0","0","0","0","0","0","0"
"*03r8k*","Charlie Daniels","BOU","D","431","FA","BOU 3<br/>@EVE 1 F","0","0","0%","0%","0","0","0","0","0","0","0","0","0","0","0","0","0","0","0","0","0","0"
"*055sf*","Arnaut Danjuma Groeneveld","BOU","F","354","FA","BOU 3<br/>@EVE 1 F","0","0","0%","0%","0","0","0","0","0","0","0","0","0","0","0","0","0","0","0","0","0","0"
"*02lzx*","Scott Dann","CRY","D","271","FA","TOT 1<br/>@CRY 1 F","0","0","0%","0%","0","0","0","0","0","0","0","0","0","0","0","0","0","0","0","0","0","0"
"*03yuo*","Keinan Davis","AVL","M,F","360","FA","AVL 1<br/>@WHU 1 F","0","0","0%","0%","0","0","0","0","0","0","0","0","0","0","0","0","0","0","0","0","0","0"
"*04mi5*","Tom Dele-Bashiru","WAT","M","504","FA","WAT 2<br/>@ARS 3 F","0","0","0%","0%","0","0","0","0","0","0","0","0","0","0","0","0","0","0","0","0","0","0"
"*04mmd*","Fousseni Diabate","LEI","F","507","FA","MUN 2<br/>@LEI 0 F","0","0","0%","0%","0","0","0","0","0","0","0","0","0","0","0","0","0","0","0","0","0","0"
"*02lpn*","Eric Dier","TOT","M","305","FA","TOT 1<br/>@CRY 1 F","0","0","0%","0%","0","0","0","0","0","0","0","0","0","0","0","0","0","0","0","0","0","0"
"*052k8*","Tommy Doyle","MCI","M","447","FA","NOR 0<br/>@MCI 5 F","0","0","0%","0%","0","0","0","0","0","0","0","0","0","0","0","0","0","0","0","0","0","0"
"*03dye*","Daniel Drinkwater","BUR/CHE/AVL","M","426","FA","AVL 1<br/>@WHU 1 F","0","0","0%","0%","1","0","0","0","0","1","0","1","0","0","0","2","2","0","0","0","0","0"
"*0522k*","Josip Drmic","NOR","F","385","FA","NOR 0<br/>@MCI 5 F","0","0","0%","0%","1","0","0","0","0","0","0","0","0","0","0","0","0","0","0","0","0","0"
"*02lpr*","Shane Duffy","BHA","D","255","FA","BHA 2<br/>@BUR 1 F","0","0","0%","0%","0","0","0","0","0","0","0","0","0","0","0","0","0","0","0","0","0","0"
"*032f5*","Paul Dummett","NEW","D","326","FA","LIV 3<br/>@NEW 1 F","0","0","0%","0%","0","0","0","0","0","0","0","0","0","0","0","0","0","0","0","0","0","0"
"*05747*","Jimmy Dunne","BUR","D","511","FA","BHA 2<br/>@BUR 1 F","0","0","0%","0%","0","0","0","0","0","0","0","0","0","0","0","0","0","0","0","0","0","0"
"*02m5m*","Ahmed El Mohamady","AVL","D","272","FA","AVL 1<br/>@WHU 1 F","0","0","0%","0%","0","0","0","0","0","0","0","0","0","0","0","0","0","0","0","0","0","0"
"*052i4*","Bjorn Engels","AVL","D","307","FA","AVL 1<br/>@WHU 1 F","0","0","0%","0%","0","0","0","0","0","0","0","0","0","0","0","0","0","0","0","0","0","0"
"*059tu*","Akin Famewo","NOR","D","515","FA","NOR 0<br/>@MCI 5 F","0","0","0%","0%","0","0","0","0","0","0","0","0","0","0","0","0","0","0","0","0","0","0"
"*04fkc*","Francisco Femenia Far","WAT","D","262","FA","WAT 2<br/>@ARS 3 F","0","0","0%","0%","0","0","0","0","0","0","0","0","0","0","0","0","0","0","0","0","0","0"
"*03yxt*","Timothy Fosu-Mensah","MUN","D","413","OATW","MUN 2<br/>@LEI 0 F","0","0","0%","0%","0","0","0","0","0","0","0","0","0","0","0","0","0","0","0","0","0","0"
"*04rf3*","Dimitri Foulquier","WAT","D","448","FA","WAT 2<br/>@ARS 3 F","0","0","0%","0%","0","0","0","0","0","0","0","0","0","0","0","0","0","0","0","0","0","0"
"*04kj4*","Juan Foyth","TOT","D","449","FA","TOT 1<br/>@CRY 1 F","0","0","0%","0%","0","0","0","0","0","0","0","0","0","0","0","0","0","0","0","0","0","0"
"*02lof*","Ryan Fredericks","WHU","D","174","FA","AVL 1<br/>@WHU 1 F","0","0","0%","0%","0","0","0","0","0","0","0","0","0","0","0","0","0","0","0","0","0","0"
"*051l2*","Kieron Freeman","SHU","D","518","FA","SHU 1<br/>@SOU 3 F","0","0","0%","0%","0","0","0","0","0","0","0","0","0","0","0","0","0","0","0","0","0","0"
"*02lyo*","Luke Freeman","SHU","M","397","FA","SHU 1<br/>@SOU 3 F","0","0","0%","0%","0","0","0","0","0","0","0","0","0","0","0","0","0","0","0","0","0","0"
"*05afg*","Ethan Galbraith","MUN","M","519","FA","MUN 2<br/>@LEI 0 F","0","0","0%","0%","0","0","0","0","0","0","0","0","0","0","0","0","0","0","0","0","0","0"
"*04spn*","Eric Garcia","MCI","D","330","Willy B","NOR 0<br/>@MCI 5 F","0","0","0%","0%","0","0","0","0","0","0","0","0","0","0","0","0","0","0","0","0","0","0"
"*0329o*","Dwight Gayle","NEW","F","283","FA","LIV 3<br/>@NEW 1 F","0","0","0%","0%","0","0","0","0","0","0","0","0","0","0","0","0","0","0","0","0","0","0"
"*056iu*","Jean-Philippe Gbamin","EVE","M","427","FA","BOU 3<br/>@EVE 1 F","0","0","0%","0%","0","0","0","0","0","0","0","0","0","0","0","0","0","0","0","0","0","0"
"*04360*","Ben Gibson","BUR","D","523","FA","BHA 2<br/>@BUR 1 F","0","0","0%","0%","0","0","0","0","0","0","0","0","0","0","0","0","0","0","0","0","0","0"
"*052cc*","Billy Gilmour","CHE","M","410","FA","WOL 0<br/>@CHE 2 F","0","0","0%","0%","0","0","0","0","0","0","0","0","0","0","0","0","0","0","0","0","0","0"
"*02ope*","Olivier Giroud","CHE","F","176","Wee Joe","WOL 0<br/>@CHE 2 F","0","0","0%","0%","0","0","0","0","0","0","0","0","0","0","0","0","0","0","0","0","0","0"
"*0427g*","Andre Gray","WAT","F","325","FA","WAT 2<br/>@ARS 3 F","0","0","0%","0%","0","0","0","0","0","0","0","0","0","0","0","0","0","0","0","0","0","0"
"*03yq8*","Demarai Gray","LEI","M","258","FA","MUN 2<br/>@LEI 0 F","0","0","0%","0%","0","0","0","0","0","0","0","0","0","0","0","0","0","0","0","0","0","0"
"*04spy*","Mason Greenwood","MUN","F","126","OATW","MUN 2<br/>@LEI 0 F","0","0","0%","0%","1","0","0","0","0","0","0","0","0","0","0","0","0","0","0","0","0","0"
"*042ll*","Marko Grujic","LIV","M","527","FA","LIV 3<br/>@NEW 1 F","0","0","0%","0%","0","0","0","0","0","0","0","0","0","0","0","0","0","0","0","0","0","0"
"*044ej*","Johann Gudmundsson","BUR","M","313","Wee Joe","BHA 2<br/>@BUR 1 F","0","0","0%","0%","0","0","0","0","0","0","0","0","0","0","0","0","0","0","0","0","0","0"
"*04s1d*","Matteo Guendouzi","ARS","M","273","FA","WAT 2<br/>@ARS 3 F","0","0","0%","0%","0","0","0","0","0","0","0","0","0","0","0","0","0","0","0","0","0","0"
"*052k6*","Taylor Harwood-Bellis","MCI","D","530","FA","NOR 0<br/>@MCI 5 F","0","0","0%","0%","0","0","0","0","0","0","0","0","0","0","0","0","0","0","0","0","0","0"
"*051kp*","Onel Hernandez","NOR","M","191","Noah B","NOR 0<br/>@MCI 5 F","0","0","0%","0%","0","0","0","0","0","0","0","0","0","0","0","0","0","0","0","0","0","0"
"*05m47*","George Hirst","LEI","F","440","FA","MUN 2<br/>@LEI 0 F","0","0","0%","0%","0","0","0","0","0","0","0","0","0","0","0","0","0","0","0","0","0","0"
"*04k4m*","Wesley Hoedt","SOU","D","536","FA","SHU 1<br/>@SOU 3 F","0","0","0%","0%","0","0","0","0","0","0","0","0","0","0","0","0","0","0","0","0","0","0"
"*03rn2*","Jose Holebas","WAT","D","353","FA","WAT 2<br/>@ARS 3 F","0","0","0%","0%","0","0","0","0","0","0","0","0","0","0","0","0","0","0","0","0","0","0"
"*04c39*","Nathan Holland","WHU","M","429","FA","AVL 1<br/>@WHU 1 F","0","0","0%","0%","0","0","0","0","0","0","0","0","0","0","0","0","0","0","0","0","0","0"
"*051k1*","Conor Hourihane","AVL","M","147","FA","AVL 1<br/>@WHU 1 F","0","0","0%","0%","1","0","1","0","0","0","0","1","0","0","1","0","0","0","0","0","0","0"
"*056zd*","Adam Idah","NOR","F","424","FA","NOR 0<br/>@MCI 5 F","0","0","0%","0%","0","0","0","0","0","0","0","0","0","0","0","0","0","0","0","0","0","0"
"*03ra3*","Odion Ighalo","WAT/MUN","F","407","FA","MUN 2<br/>@LEI 0 F","0","0","0%","0%","0","0","0","0","0","0","0","0","0","0","0","0","0","0","0","0","0","0"
"*04itp*","Jose Izquierdo","BHA","F","539","FA","BHA 2<br/>@BUR 1 F","0","0","0%","0%","0","0","0","0","0","0","0","0","0","0","0","0","0","0","0","0","0","0"
"*02lpz*","Phil Jagielka","SHU","D","408","FA","SHU 1<br/>@SOU 3 F","0","0","0%","0%","0","0","0","0","0","0","0","0","0","0","0","0","0","0","0","0","0","0"
"*04t92*","Alireza Jahanbakhsh","BHA","F","361","FA","BHA 2<br/>@BUR 1 F","0","0","0%","0%","0","0","0","0","0","0","0","0","0","0","0","0","0","0","0","0","0","0"
"*02lnb*","Matty James","LEI","M","541","FA","MUN 2<br/>@LEI 0 F","0","0","0%","0%","0","0","0","0","0","0","0","0","0","0","0","0","0","0","0","0","0","0"
"*03fgq*","Daryl Janmaat","WAT","D","347","FA","WAT 2<br/>@ARS 3 F","0","0","0%","0%","0","0","0","0","0","0","0","0","0","0","0","0","0","0","0","0","0","0"
"*04y91*","Tyreece John-Jules","ARS","F","547","FA","WAT 2<br/>@ARS 3 F","0","0","0%","0%","0","0","0","0","0","0","0","0","0","0","0","0","0","0","0","0","0","0"
"*04mcg*","Ben Johnson","WHU","D,M","414","FA","AVL 1<br/>@WHU 1 F","0","0","0%","0%","0","0","0","0","0","0","0","0","0","0","0","0","0","0","0","0","0","0"
"*02lnd*","Phil Jones","MUN","D","396","FA","MUN 2<br/>@LEI 0 F","0","0","0%","0%","0","0","0","0","0","0","0","0","0","0","0","0","0","0","0","0","0","0"
"*0436l*","Christian Kabasele","WAT","D","217","FA","WAT 2<br/>@ARS 3 F","0","0","0%","0%","0","0","0","0","0","0","0","0","0","0","0","0","0","0","0","0","0","0"
"*02lol*","Harry Kane","TOT","F","32","Ryan C","TOT 1<br/>@CRY 1 F","0","0","0%","0%","0","0","0","0","0","0","0","0","0","0","0","0","0","0","0","0","0","0"
"*04e1i*","Beram Kayal","BHA","M","552","FA","BHA 2<br/>@BUR 1 F","0","0","0%","0%","0","0","0","0","0","0","0","0","0","0","0","0","0","0","0","0","0","0"
"*04rhe*","Naby Keita","LIV","M","234","Laeka B","LIV 3<br/>@NEW 1 F","0","0","0%","0%","0","0","0","0","0","0","0","0","0","0","0","0","0","0","0","0","0","0"
"*051k5*","Lloyd Kelly","BOU","D","457","FA","BOU 3<br/>@EVE 1 F","0","0","0%","0%","0","0","0","0","0","0","0","0","0","0","0","0","0","0","0","0","0","0"
"*02lnf*","Joshua King","BOU","F","97","Ryan C","BOU 3<br/>@EVE 1 F","0","0","0%","0%","0","0","0","0","0","0","0","0","0","0","0","0","0","0","0","0","0","0"
"*03ys6*","Timm Klose","NOR","D","428","FA","NOR 0<br/>@MCI 5 F","0","0","0%","0%","0","0","0","0","0","0","0","0","0","0","0","0","0","0","0","0","0","0"
"*04fjx*","Sead Kolasinac","ARS","D","287","FA","WAT 2<br/>@ARS 3 F","0","0","0%","0%","0","0","0","0","0","0","0","0","0","0","0","0","0","0","0","0","0","0"
"*05a6f*","Billy Koumetio","LIV","D","557","FA","LIV 3<br/>@NEW 1 F","0","0","0%","0%","0","0","0","0","0","0","0","0","0","0","0","0","0","0","0","0","0","0"
"*05afb*","Ethan Laird","MUN","D","559","FA","MUN 2<br/>@LEI 0 F","0","0","0%","0%","0","0","0","0","0","0","0","0","0","0","0","0","0","0","0","0","0","0"
"*02lyy*","Henri Lansbury","AVL","M","425","FA","AVL 1<br/>@WHU 1 F","0","0","0%","0%","0","0","0","0","0","0","0","0","0","0","0","0","0","0","0","0","0","0"
"*04mqu*","Aymeric Laporte","MCI","D","247","Laeka B","NOR 0<br/>@MCI 5 F","0","0","0%","0%","0","0","0","0","0","0","0","0","0","0","0","0","0","0","0","0","0","0"
"*052cg*","Yasser Larouci","LIV","D","560","FA","LIV 3<br/>@NEW 1 F","0","0","0%","0%","0","0","0","0","0","0","0","0","0","0","0","0","0","0","0","0","0","0"
"*05gcd*","Valentino Lazaro","NEW","M","380","FA","LIV 3<br/>@NEW 1 F","0","0","0%","0%","0","0","0","0","0","0","0","0","0","0","0","0","0","0","0","0","0","0"
"*051kk*","Moritz Leitner","NOR","M","373","FA","NOR 0<br/>@MCI 5 F","0","0","0%","0%","0","0","0","0","0","0","0","0","0","0","0","0","0","0","0","0","0","0"
"*04356*","Florian Lejeune","NEW","D","363","FA","LIV 3<br/>@NEW 1 F","0","0","0%","0%","0","0","0","0","0","0","0","0","0","0","0","0","0","0","0","0","0","0"
"*051kd*","Jamal Lewis","NOR","D","345","FA","NOR 0<br/>@MCI 5 F","0","0","0%","0%","0","0","0","0","0","0","0","0","0","0","0","0","0","0","0","0","0","0"
"*02lni*","Jesse Lingard","MUN","M","319","FA","MUN 2<br/>@LEI 0 F","0","0","0%","0%","0","0","0","0","0","0","0","0","0","0","0","0","0","0","0","0","0","0"
"*03m5c*","Ruben Loftus-Cheek","CHE","M","415","Wee Joe","WOL 0<br/>@CHE 2 F","0","0","0%","0%","0","0","0","0","0","0","0","0","0","0","0","0","0","0","0","0","0","0"
"*03dxa*","Kevin Long","BUR","D","367","FA","BHA 2<br/>@BUR 1 F","0","0","0%","0%","0","0","0","0","0","0","0","0","0","0","0","0","0","0","0","0","0","0"
"*052ju*","Matty Longstaff","NEW","M","376","FA","LIV 3<br/>@NEW 1 F","0","0","0%","0%","1","0","0","0","0","0","0","0","0","0","0","0","0","0","0","0","0","0"
"*032ah*","Dejan Lovren","LIV","D","327","FA","LIV 3<br/>@NEW 1 F","0","0","0%","0%","0","0","0","0","0","0","0","0","0","0","0","0","0","0","0","0","0","0"
"*02on3*","Matthew Lowton","BUR","D","268","FA","BHA 2<br/>@BUR 1 F","0","0","0%","0%","0","0","0","0","0","0","0","0","0","0","0","0","0","0","0","0","0","0"
"*03hvn*","Javier Manquillo","NEW","D","245","FA","LIV 3<br/>@NEW 1 F","0","0","0%","0%","0","0","0","0","0","0","0","0","0","0","0","0","0","0","0","0","0","0"
"*05gco*","Pablo Mari","ARS","D","416","FA","WAT 2<br/>@ARS 3 F","0","0","0%","0%","0","0","0","0","0","0","0","0","0","0","0","0","0","0","0","0","0","0"
"*05gce*","Josh Martin","NOR","M","441","FA","NOR 0<br/>@MCI 5 F","0","0","0%","0%","0","0","0","0","0","0","0","0","0","0","0","0","0","0","0","0","0","0"
"*0435s*","Joel Matip","LIV","D","274","FA","LIV 3<br/>@NEW 1 F","0","0","0%","0%","0","0","0","0","0","0","0","0","0","0","0","0","0","0","0","0","0","0"
"*051la*","David McGoldrick","SHU","F","148","Noah B","SHU 1<br/>@SOU 3 F","0","0","0%","0%","0","0","0","0","0","0","0","0","0","0","0","0","0","0","0","0","0","0"
"*03avz*","Sam McQueen","SOU","D","573","FA","SHU 1<br/>@SOU 3 F","0","0","0%","0%","0","0","0","0","0","0","0","0","0","0","0","0","0","0","0","0","0","0"
"*04civ*","Scott McTominay","MUN","M","149","FA","MUN 2<br/>@LEI 0 F","0","0","0%","0%","0","0","0","0","0","0","0","0","0","0","0","0","0","0","0","0","0","0"
"*05afe*","Teden Mengi","MUN","D","576","FA","MUN 2<br/>@LEI 0 F","0","0","0%","0%","0","0","0","0","0","0","0","0","0","0","0","0","0","0","0","0","0","0"
"*04toz*","Max Meyer","CRY","M","381","FA","TOT 1<br/>@CRY 1 F","0","0","0%","0%","0","0","0","0","0","0","0","0","0","0","0","0","0","0","0","0","0","0"
"*04ami*","Luka Milivojevic","CRY","M","151","FA","TOT 1<br/>@CRY 1 F","0","0","0%","0%","0","0","0","0","0","0","0","0","0","0","0","0","0","0","0","0","0","0"
"*05g2n*","Takumi Minamino","LIV","F","418","FA","LIV 3<br/>@NEW 1 F","0","0","0%","0%","0","0","0","0","0","0","0","0","0","0","0","0","0","0","0","0","0","0"
"*051wl*","Wesley","AVL","F","189","BUK","AVL 1<br/>@WHU 1 F","0","0","0%","0%","0","0","0","0","0","0","0","0","0","0","0","0","0","0","0","0","0","0"
"*03dy4*","Wes Morgan","LEI","D","384","FA","MUN 2<br/>@LEI 0 F","0","0","0%","0%","0","0","0","0","0","0","0","0","0","0","0","0","0","0","0","0","0","0"
"*0436h*","Lys Mousset","SHU","F","193","FA","SHU 1<br/>@SOU 3 F","0","0","0%","0%","1","0","0","0","0","0","0","0","0","0","0","0","0","0","0","0","0","0"
"*0329s*","Glenn Murray","BHA","F","365","FA","BHA 2<br/>@BUR 1 F","0","0","0%","0%","1","0","0","0","0","0","0","0","0","0","0","0","0","0","0","0","0","0"
"*04toy*","Yoshinori Muto","NEW","F","423","FA","LIV 3<br/>@NEW 1 F","0","0","0%","0%","0","0","0","0","0","0","0","0","0","0","0","0","0","0","0","0","0","0"
"*0554s*","Daniel N'Lundulu","SOU","F","580","FA","SHU 1<br/>@SOU 3 F","0","0","0%","0%","0","0","0","0","0","0","0","0","0","0","0","0","0","0","0","0","0","0"
"*055se*","Marvelous Nakamba","AVL","M","280","FA","AVL 1<br/>@WHU 1 F","0","0","0%","0%","1","0","0","0","0","1","0","1","0","0","0","1","1","0","2","0","0","0"
"*04aiz*","Wilfred Ndidi","LEI","M","84","Tim O","MUN 2<br/>@LEI 0 F","0","0","0%","0%","0","0","0","0","0","0","0","0","0","0","0","0","0","0","0","0","0","0"
"*05247*","Tanguy Ndombele","TOT","M","246","FA","TOT 1<br/>@CRY 1 F","0","0","0%","0%","0","0","0","0","0","0","0","0","0","0","0","0","0","0","0","0","0","0"
"*03sin*","Kenedy","CHE","M","584","FA","WOL 0<br/>@CHE 2 F","0","0","0%","0%","0","0","0","0","0","0","0","0","0","0","0","0","0","0","0","0","0","0"
"*055c0*","Ben Osborn","SHU","M","366","OATW","SHU 1<br/>@SOU 3 F","0","0","0%","0%","0","0","0","0","0","0","0","0","0","0","0","0","0","0","0","0","0","0"
"*03ull*","Nicolas Otamendi","MCI","D","184","FA","NOR 0<br/>@MCI 5 F","0","0","0%","0%","0","0","0","0","0","0","0","0","0","0","0","0","0","0","0","0","0","0"
"*04ril*","Sokratis","ARS","D","297","FA","WAT 2<br/>@ARS 3 F","0","0","0%","0%","0","0","0","0","0","0","0","0","0","0","0","0","0","0","0","0","0","0"
"*054p4*","Troy Parrott","TOT","F","590","FA","TOT 1<br/>@CRY 1 F","0","0","0%","0%","0","0","0","0","0","0","0","0","0","0","0","0","0","0","0","0","0","0"
"*051wj*","Jota","AVL","M","391","FA","AVL 1<br/>@WHU 1 F","0","0","0%","0%","0","0","0","0","0","0","0","0","0","0","0","0","0","0","0","0","0","0"
"*04sav*","Felipe Anderson","WHU","M","122","Ryan C","AVL 1<br/>@WHU 1 F","0","0","0%","0%","0","0","0","0","0","0","0","0","0","0","0","0","0","0","0","0","0","0"
"*046v3*","Roberto Pereyra","WAT","M","249","FA","WAT 2<br/>@ARS 3 F","0","0","0%","0%","1","0","0","0","0","0","0","0","0","0","0","0","0","0","0","0","0","0"
"*04mkn*","Adrien Silva","LEI","M","593","FA","MUN 2<br/>@LEI 0 F","0","0","0%","0%","0","0","0","0","0","0","0","0","0","0","0","0","0","0","0","0","0","0"
"*04rxe*","Nathaniel Phillips","LIV","D","595","FA","LIV 3<br/>@NEW 1 F","0","0","0%","0%","0","0","0","0","0","0","0","0","0","0","0","0","0","0","0","0","0","0"
"*05am9*","Brandon Pierrick","CRY","M,F","435","FA","TOT 1<br/>@CRY 1 F","0","0","0%","0%","0","0","0","0","0","0","0","0","0","0","0","0","0","0","0","0","0","0"
"*032ab*","Erik Pieters","BUR","D","173","OATW","BHA 2<br/>@BUR 1 F","0","0","0%","0%","0","0","0","0","0","0","0","0","0","0","0","0","0","0","0","0","0","0"
"*02lnq*","Paul Pogba","MUN","M","186","Noah B","MUN 2<br/>@LEI 0 F","0","0","0%","0%","0","0","0","0","0","0","0","0","0","0","0","0","0","0","0","0","0","0"
"*04yim*","Christian Pulisic","CHE","M","51","NEAL","WOL 0<br/>@CHE 2 F","0","0","0%","0%","0","0","0","0","0","0","0","0","0","0","0","0","0","0","0","0","0","0"
"*0452r*","Domingos Quina","WAT","M","452","FA","WAT 2<br/>@ARS 3 F","0","0","0%","0%","0","0","0","0","0","0","0","0","0","0","0","0","0","0","0","0","0","0"
"*04yes*","Kayne Ramsay","SOU","D","597","FA","SHU 1<br/>@SOU 3 F","0","0","0%","0%","0","0","0","0","0","0","0","0","0","0","0","0","0","0","0","0","0","0"
"*04ym2*","Taylor Richards","BHA","M,F","600","FA","BHA 2<br/>@BUR 1 F","0","0","0%","0%","0","0","0","0","0","0","0","0","0","0","0","0","0","0","0","0","0","0"
"*02lkj*","Jack Robinson","QPR/SHU","D","394","FA","SHU 1<br/>@SOU 3 F","0","0","0%","0%","0","0","0","0","0","0","0","0","0","0","0","0","0","0","0","0","0","0"
"*03uln*","Pedro","CHE","F","269","FA","WOL 0<br/>@CHE 2 F","0","0","0%","0%","0","0","0","0","0","0","0","0","0","0","0","0","0","0","0","0","0","0"
"*02lq9*","Jack Rodwell","SUN/SHU","M","603","FA","SHU 1<br/>@SOU 3 F","0","0","0%","0%","0","0","0","0","0","0","0","0","0","0","0","0","0","0","0","0","0","0"
"*03jd6*","Marcos Rojo","MUN","D","651","FA","MUN 2<br/>@LEI 0 F","0","0","0%","0%","0","0","0","0","0","0","0","0","0","0","0","0","0","0","0","0","0","0"
"*02m87*","Oriol Romeu","SOU","M","225","FA","SHU 1<br/>@SOU 3 F","0","0","0%","0%","0","0","0","0","0","0","0","0","0","0","0","0","0","0","0","0","0","0"
"*02lp2*","Danny Rose","TOT/NEW","D","318","FA","LIV 3<br/>@NEW 1 F","0","0","0%","0%","0","0","0","0","0","0","0","0","0","0","0","0","0","0","0","0","0","0"
"*05g49*","Lukas Rupp","NOR","M","375","FA","NOR 0<br/>@MCI 5 F","0","0","0%","0%","1","0","0","0","0","0","0","0","0","0","0","0","0","0","0","0","0","0"
"*03819*","Mamadou Sakho","CRY","D","442","FA","TOT 1<br/>@CRY 1 F","0","0","0%","0%","0","0","0","0","0","0","0","0","0","0","0","0","0","0","0","0","0","0"
"*05gbm*","Mbwana Samatta","AVL","F","337","FA","AVL 1<br/>@WHU 1 F","0","0","0%","0%","0","0","0","0","0","0","0","0","0","0","0","0","0","0","0","0","0","0"
"*04jyc*","Davinson Sanchez","TOT","D","266","FA","TOT 1<br/>@CRY 1 F","0","0","0%","0%","0","0","0","0","0","0","0","0","0","0","0","0","0","0","0","0","0","0"
"*04nqw*","Max Sanders","BHA","M","608","FA","BHA 2<br/>@BUR 1 F","0","0","0%","0%","0","0","0","0","0","0","0","0","0","0","0","0","0","0","0","0","0","0"
"*05agd*","Christian Saydee","BOU","M","610","FA","BOU 3<br/>@EVE 1 F","0","0","0%","0%","0","0","0","0","0","0","0","0","0","0","0","0","0","0","0","0","0","0"
"*04kjb*","Ezequiel Schelotto","BHA","D","419","FA","BHA 2<br/>@BUR 1 F","0","0","0%","0%","0","0","0","0","0","0","0","0","0","0","0","0","0","0","0","0","0","0"
"*03dyl*","Jeffrey Schlupp","CRY","D,M","265","FA","TOT 1<br/>@CRY 1 F","0","0","0%","0%","0","0","0","0","0","0","0","0","0","0","0","0","0","0","0","0","0","0"
"*03tj9*","Xherdan Shaqiri","LIV","M,F","393","FA","LIV 3<br/>@NEW 1 F","0","0","0%","0%","0","0","0","0","0","0","0","0","0","0","0","0","0","0","0","0","0","0"
"*02t1p*","Billy Sharp","SHU","F","298","FA","SHU 1<br/>@SOU 3 F","0","0","0%","0%","1","0","0","0","0","0","1","0","0","0","0","0","0","0","1","0","0","0"
"*02m2u*","Gylfi Sigurdsson","EVE","M","70","Noah B","BOU 3<br/>@EVE 1 F","0","0","0%","0%","0","0","0","0","0","0","0","0","0","0","0","0","0","0","0","0","0","0"
"*04qr3*","Ruben Vinagre","WOL","D","312","FA","WOL 0<br/>@CHE 2 F","0","0","0%","0%","0","0","0","0","0","0","0","0","0","0","0","0","0","0","0","0","0","0"
"*05m9r*","Ellis Simms","EVE","F","612","FA","BOU 3<br/>@EVE 1 F","0","0","0%","0%","0","0","0","0","0","0","0","0","0","0","0","0","0","0","0","0","0","0"
"*03yti*","Jack Simpson","BOU","D","439","FA","BOU 3<br/>@EVE 1 F","0","0","0%","0%","0","0","0","0","0","0","0","0","0","0","0","0","0","0","0","0","0","0"
"*04a77*","Josh Sims","SOU","M","613","FA","SHU 1<br/>@SOU 3 F","0","0","0%","0%","0","0","0","0","0","0","0","0","0","0","0","0","0","0","0","0","0","0"
"*032a3*","Jerome Sinclair","WAT","F","614","FA","WAT 2<br/>@ARS 3 F","0","0","0%","0%","0","0","0","0","0","0","0","0","0","0","0","0","0","0","0","0","0","0"
"*02ygz*","Moussa Sissoko","TOT","M","196","Ryan C","TOT 1<br/>@CRY 1 F","0","0","0%","0%","0","0","0","0","0","0","0","0","0","0","0","0","0","0","0","0","0","0"
"*04t95*","Oliver Skipp","TOT","M","453","FA","TOT 1<br/>@CRY 1 F","0","0","0%","0%","0","0","0","0","0","0","0","0","0","0","0","0","0","0","0","0","0","0"
"*04yio*","Callum Slattery","SOU","M","615","FA","SHU 1<br/>@SOU 3 F","0","0","0%","0%","0","0","0","0","0","0","0","0","0","0","0","0","0","0","0","0","0","0"
"*047l8*","Islam Slimani","LEI","F","616","FA","MUN 2<br/>@LEI 0 F","0","0","0%","0%","0","0","0","0","0","0","0","0","0","0","0","0","0","0","0","0","0","0"
"*0554t*","William Smallbone","SOU","M,F","386","FA","SHU 1<br/>@SOU 3 F","0","0","0%","0%","0","0","0","0","0","0","0","0","0","0","0","0","0","0","0","0","0","0"
"*056pd*","Goncalo Cardoso","WHU","D","618","FA","AVL 1<br/>@WHU 1 F","0","0","0%","0%","0","0","0","0","0","0","0","0","0","0","0","0","0","0","0","0","0","0"
"*05292*","Jack Stacey","BOU","D","322","FA","BOU 3<br/>@EVE 1 F","0","0","0%","0%","0","0","0","0","0","0","0","0","0","0","0","0","0","0","0","0","0","0"
"*02rn4*","Junior Stanislas","BOU","M","285","Willy B","BOU 3<br/>@EVE 1 F","0","0","0%","0%","0","0","0","0","0","0","0","0","0","0","0","0","0","0","0","0","0","0"
"*051km*","Marco Stiepermann","NOR","M","362","FA","NOR 0<br/>@MCI 5 F","0","0","0%","0%","0","0","0","0","0","0","0","0","0","0","0","0","0","0","0","0","0","0"
"*043bz*","Isaac Success Ajayi","WAT","F","450","FA","WAT 2<br/>@ARS 3 F","0","0","0%","0%","0","0","0","0","0","0","0","0","0","0","0","0","0","0","0","0","0","0"
"*02m3z*","Andrew Surman","BOU","M","438","FA","BOU 3<br/>@EVE 1 F","0","0","0%","0%","0","0","0","0","0","0","0","0","0","0","0","0","0","0","0","0","0","0"
"*03wpc*","Sam Surridge","BOU","F","432","FA","BOU 3<br/>@EVE 1 F","0","0","0%","0%","0","0","0","0","0","0","0","0","0","0","0","0","0","0","0","0","0","0"
"*04u6l*","Andre Gomes","EVE","M","332","FA","BOU 3<br/>@EVE 1 F","0","0","0%","0%","0","0","0","0","0","0","0","0","0","0","0","0","0","0","0","0","0","0"
"*04rhd*","Fabinho","LIV","M","160","Willy B","LIV 3<br/>@NEW 1 F","0","0","0%","0%","1","0","0","0","0","0","0","0","0","0","0","0","0","0","0","0","0","0"
"*02m2y*","Neil Taylor","AVL","D","399","FA","AVL 1<br/>@WHU 1 F","0","0","0%","0%","0","0","0","0","0","0","0","0","0","0","0","0","0","0","0","0","0","0"
"*04qr8*","Diogo Jota","WOL","M,F","74","Ryan C","WOL 0<br/>@CHE 2 F","0","0","0%","0%","0","0","0","0","0","0","0","0","0","0","0","0","0","0","0","0","0","0"
"*05l0f*","Nathan Tella","SOU","M","444","FA","SHU 1<br/>@SOU 3 F","0","0","0%","0%","0","0","0","0","0","0","0","0","0","0","0","0","0","0","0","0","0","0"
"*05l2z*","Bobby Thomas","BUR","D","631","FA","BHA 2<br/>@BUR 1 F","0","0","0%","0%","0","0","0","0","0","0","0","0","0","0","0","0","0","0","0","0","0","0"
"*05li7*","Jordan Thomas","NOR","D","632","FA","NOR 0<br/>@MCI 5 F","0","0","0%","0%","0","0","0","0","0","0","0","0","0","0","0","0","0","0","0","0","0","0"
"*05m46*","Luke Thomas","LEI","D","348","OATW","MUN 2<br/>@LEI 0 F","0","0","0%","0%","0","0","0","0","0","0","0","0","0","0","0","0","0","0","0","0","0","0"
"*05l30*","Max Thompson","BUR","F","633","FA","BHA 2<br/>@BUR 1 F","0","0","0%","0%","0","0","0","0","0","0","0","0","0","0","0","0","0","0","0","0","0","0"
"*05749*","Kieran Tierney","ARS","D","303","FA","WAT 2<br/>@ARS 3 F","0","0","0%","0%","0","0","0","0","0","0","0","0","0","0","0","0","0","0","0","0","0","0"
"*0410i*","Fikayo Tomori","CHE","D","289","FA","WOL 0<br/>@CHE 2 F","0","0","0%","0%","0","0","0","0","0","0","0","0","0","0","0","0","0","0","0","0","0","0"
"*02lp7*","Andros Townsend","CRY","M","230","FA","TOT 1<br/>@CRY 1 F","0","0","0%","0%","0","0","0","0","0","0","0","0","0","0","0","0","0","0","0","0","0","0"
"*051kn*","Tom Trybull","NOR","M","335","FA","NOR 0<br/>@MCI 5 F","0","0","0%","0%","0","0","0","0","0","0","0","0","0","0","0","0","0","0","0","0","0","0"
"*0452p*","Yan Valery","SOU","D","343","FA","SHU 1<br/>@SOU 3 F","0","0","0%","0%","0","0","0","0","0","0","0","0","0","0","0","0","0","0","0","0","0","0"
"*05g33*","Indiana Vassilev","AVL","F","634","FA","AVL 1<br/>@WHU 1 F","0","0","0%","0%","1","0","0","0","0","0","2","0","0","0","0","0","0","1","0","0","0","0"
"*04s60*","Jannik Vestergaard","SOU","D","207","Wee Joe","SHU 1<br/>@SOU 3 F","0","0","0%","0%","0","0","0","0","0","0","0","0","0","0","0","0","0","0","0","0","0","0"
"*0554l*","Jake Vokins","SOU","D","451","FA","SHU 1<br/>@SOU 3 F","0","0","0%","0%","0","0","0","0","0","0","0","0","0","0","0","0","0","0","0","0","0","0"
"*051kj*","Mario Vrancic","NOR","M","355","FA","NOR 0<br/>@MCI 5 F","0","0","0%","0%","0","0","0","0","0","0","0","0","0","0","0","0","0","0","0","0","0","0"
"*03632*","Matej Vydra","BUR","F","314","FA","BHA 2<br/>@BUR 1 F","0","0","0%","0%","0","0","0","0","0","0","0","0","0","0","0","0","0","0","0","0","0","0"
"*0329y*","Joel Ward","CRY","D","175","Tim O","TOT 1<br/>@CRY 1 F","0","0","0%","0%","1","0","0","0","0","0","0","0","0","0","0","0","0","0","0","0","0","0"
"*050js*","Kelland Watts","NEW","M","637","FA","LIV 3<br/>@NEW 1 F","0","0","0%","0%","0","0","0","0","0","0","0","0","0","0","0","0","0","0","0","0","0","0"
"*054p3*","Harvey White","TOT","M","639","FA","TOT 1<br/>@CRY 1 F","0","0","0%","0%","0","0","0","0","0","0","0","0","0","0","0","0","0","0","0","0","0","0"
"*02lzp*","Jack Wilshere","WHU","M","459","FA","AVL 1<br/>@WHU 1 F","0","0","0%","0%","0","0","0","0","0","0","0","0","0","0","0","0","0","0","0","0","0","0"
"*03bwz*","Harry Winks","TOT","M","281","FA","TOT 1<br/>@CRY 1 F","0","0","0%","0%","1","0","1","0","0","0","2","1","0","0","0","1","2","0","0","0","0","1"
"*04vya*","Sam Woods","CRY","D","643","FA","TOT 1<br/>@CRY 1 F","0","0","0%","0%","0","0","0","0","0","0","0","0","0","0","0","0","0","0","0","0","0","0"
"*04s1e*","Andriy Yarmolenko","WHU","F","218","FA","AVL 1<br/>@WHU 1 F","0","0","0%","0%","0","0","0","0","0","0","0","0","0","0","0","0","0","0","0","0","0","0"
"*03m1q*","DeAndre Yedlin","NEW","D","387","FA","LIV 3<br/>@NEW 1 F","0","0","0%","0%","0","0","0","0","0","0","0","0","0","0","0","0","0","0","0","0","0","0"
"*05gd0*","Richairo Zivkovic","SHU","F","430","FA","SHU 1<br/>@SOU 3 F","0","0","0%","0%","0","0","0","0","0","0","0","0","0","0","0","0","0","0","0","0","0","0"
"*03arh*","Kurt Zouma","CHE","D","177","Noah B","WOL 0<br/>@CHE 2 F","0","0","0%","0%","0","0","0","0","0","0","0","0","0","0","0","0","0","0","0","0","0","0"
"*02llp*","Patrick van Aanholt","CRY","D","127","RyRob","TOT 1<br/>@CRY 1 F","0","0","0%","0%","0","0","0","0","0","0","0","0","0","0","0","0","0","0","0","0","0","0"
"*05als*","Dennis Adeniran","EVE","M","461","FA","BOU 3<br/>@EVE 1 F","0","0","-","-","0","0","0","0","0","0","0","0","0","0","0","0","0","0","0","0","0","0"
"*05mip*","Daniel Adshead","NOR","M","462","FA","NOR 0<br/>@MCI 5 F","0","0","-","-","0","0","0","0","0","0","0","0","0","0","0","0","0","0","0","0","0","0"
"*052jv*","Thomas Allan","NEW","F","463","FA","LIV 3<br/>@NEW 1 F","0","0","-","-","0","0","0","0","0","0","0","0","0","0","0","0","0","0","0","0","0","0"
"*0522g*","Tudor Baluta","BHA","D","471","FA","BHA 2<br/>@BUR 1 F","0","0","-","-","0","0","0","0","0","0","0","0","0","0","0","0","0","0","0","0","0","0"
"*05g35*","Mason Barrett","WAT","D","473","FA","WAT 2<br/>@ARS 3 F","0","0","-","-","0","0","0","0","0","0","0","0","0","0","0","0","0","0","0","0","0","0"
"*05alz*","Jack Bearne","LIV","M","475","FA","LIV 3<br/>@NEW 1 F","0","0","-","-","0","0","0","0","0","0","0","0","0","0","0","0","0","0","0","0","0","0"
"*04ymr*","Josh Benson","BUR","M","476","FA","BHA 2<br/>@BUR 1 F","0","0","-","-","0","0","0","0","0","0","0","0","0","0","0","0","0","0","0","0","0","0"
"*05afd*","Di'Shon Bernard","MUN","D","478","FA","MUN 2<br/>@LEI 0 F","0","0","-","-","0","0","0","0","0","0","0","0","0","0","0","0","0","0","0","0","0","0"
"*059ip*","Tolaji Bola","ARS","D","479","FA","WAT 2<br/>@ARS 3 F","0","0","-","-","0","0","0","0","0","0","0","0","0","0","0","0","0","0","0","0","0","0"
"*05alw*","Morgan Boyes","LIV","D","482","FA","LIV 3<br/>@NEW 1 F","0","0","-","-","0","0","0","0","0","0","0","0","0","0","0","0","0","0","0","0","0","0"
"*052h7*","Robbie Burton","ARS","M","484","FA","WAT 2<br/>@ARS 3 F","0","0","-","-","0","0","0","0","0","0","0","0","0","0","0","0","0","0","0","0","0","0"
"*05gdm*","Jake Cain","LIV","M","487","FA","LIV 3<br/>@NEW 1 F","0","0","-","-","0","0","0","0","0","0","0","0","0","0","0","0","0","0","0","0","0","0"
"*050jr*","Lewis Cass","NEW","D","491","FA","LIV 3<br/>@NEW 1 F","0","0","-","-","0","0","0","0","0","0","0","0","0","0","0","0","0","0","0","0","0","0"
"*059j2*","Leighton Clarkson","LIV","M","494","FA","LIV 3<br/>@NEW 1 F","0","0","-","-","0","0","0","0","0","0","0","0","0","0","0","0","0","0","0","0","0","0"
"*05alv*","Thomas Clayton","LIV","D","495","FA","LIV 3<br/>@NEW 1 F","0","0","-","-","0","0","0","0","0","0","0","0","0","0","0","0","0","0","0","0","0","0"
"*058vd*","Alex Cochrane","BHA","D","496","FA","BHA 2<br/>@BUR 1 F","0","0","-","-","0","0","0","0","0","0","0","0","0","0","0","0","0","0","0","0","0","0"
"*05g3u*","Bernardo Rosa","WHU","M","497","FA","AVL 1<br/>@WHU 1 F","0","0","-","-","0","0","0","0","0","0","0","0","0","0","0","0","0","0","0","0","0","0"
"*05a6g*","Sam Dalby","WAT","F","502","FA","WAT 2<br/>@ARS 3 F","0","0","-","-","0","0","0","0","0","0","0","0","0","0","0","0","0","0","0","0","0","0"
"*052k7*","Alpha Richard Dionkou","MCI","D","508","FA","NOR 0<br/>@MCI 5 F","0","0","-","-","0","0","0","0","0","0","0","0","0","0","0","0","0","0","0","0","0","0"
"*05aly*","Elijah Dixon-Bonner","LIV","M","509","FA","LIV 3<br/>@NEW 1 F","0","0","-","-","0","0","0","0","0","0","0","0","0","0","0","0","0","0","0","0","0","0"
"*04zyc*","Anthony Driscoll-Glennon","BUR","D","510","FA","BHA 2<br/>@BUR 1 F","0","0","-","-","0","0","0","0","0","0","0","0","0","0","0","0","0","0","0","0","0","0"
"*05h02*","Malachi Fagan-Walcott","TOT","D","513","FA","TOT 1<br/>@CRY 1 F","0","0","-","-","0","0","0","0","0","0","0","0","0","0","0","0","0","0","0","0","0","0"
"*05lo6*","Will Ferry","SOU","M","516","FA","SHU 1<br/>@SOU 3 F","0","0","-","-","0","0","0","0","0","0","0","0","0","0","0","0","0","0","0","0","0","0"
"*05alu*","Tony Gallacher","LIV","D","520","FA","LIV 3<br/>@NEW 1 F","0","0","-","-","0","0","0","0","0","0","0","0","0","0","0","0","0","0","0","0","0","0"
"*05gcf*","Brooklyn Genesini","BOU","D","522","FA","BOU 3<br/>@EVE 1 F","0","0","-","-","0","0","0","0","0","0","0","0","0","0","0","0","0","0","0","0","0","0"
"*05aig*","Mace Goodridge","BUR","M","524","FA","BHA 2<br/>@BUR 1 F","0","0","-","-","0","0","0","0","0","0","0","0","0","0","0","0","0","0","0","0","0","0"
"*05m9s*","John-Kymani Gordon","CRY","M,F","525","FA","TOT 1<br/>@CRY 1 F","0","0","-","-","0","0","0","0","0","0","0","0","0","0","0","0","0","0","0","0","0","0"
"*059iv*","Peter Gwargis","BHA","M","528","FA","BHA 2<br/>@BUR 1 F","0","0","-","-","0","0","0","0","0","0","0","0","0","0","0","0","0","0","0","0","0","0"
"*05gdn*","Joseph Hardy","LIV","F","529","FA","LIV 3<br/>@NEW 1 F","0","0","-","-","0","0","0","0","0","0","0","0","0","0","0","0","0","0","0","0","0","0"
"*05m45*","Kaine Hayden","AVL","M","531","FA","AVL 1<br/>@WHU 1 F","0","0","-","-","0","0","0","0","0","0","0","0","0","0","0","0","0","0","0","0","0","0"
"*051kf*","Philip Heise","NOR","D","532","FA","NOR 0<br/>@MCI 5 F","0","0","-","-","0","0","0","0","0","0","0","0","0","0","0","0","0","0","0","0","0","0"
"*03m4w*","Jake Hesketh","SOU","M","534","FA","SHU 1<br/>@SOU 3 F","0","0","-","-","0","0","0","0","0","0","0","0","0","0","0","0","0","0","0","0","0","0"
"*05am1*","Thomas Hill","LIV","F","535","FA","LIV 3<br/>@NEW 1 F","0","0","-","-","0","0","0","0","0","0","0","0","0","0","0","0","0","0","0","0","0","0"
"*05g38*","Joseph Hungbo","WAT","M","538","FA","WAT 2<br/>@ARS 3 F","0","0","-","-","0","0","0","0","0","0","0","0","0","0","0","0","0","0","0","0","0","0"
"*05gbt*","Andi Janjeva","WAT","D","542","FA","WAT 2<br/>@ARS 3 F","0","0","-","-","0","0","0","0","0","0","0","0","0","0","0","0","0","0","0","0","0","0"
"*0554o*","Alexandre Jankewitz","SOU","M","543","FA","SHU 1<br/>@SOU 3 F","0","0","-","-","0","0","0","0","0","0","0","0","0","0","0","0","0","0","0","0","0","0"
"*059iw*","Teddy Jenks","BHA","M","545","FA","BHA 2<br/>@BUR 1 F","0","0","-","-","0","0","0","0","0","0","0","0","0","0","0","0","0","0","0","0","0","0"
"*04h86*","Darnell Johnson","LEI","D","548","FA","MUN 2<br/>@LEI 0 F","0","0","-","-","0","0","0","0","0","0","0","0","0","0","0","0","0","0","0","0","0","0"
"*0452o*","Alfie Jones","SOU","D","549","FA","SHU 1<br/>@SOU 3 F","0","0","-","-","0","0","0","0","0","0","0","0","0","0","0","0","0","0","0","0","0","0"
"*0412t*","Corey Jordan","BOU","D","550","FA","BOU 3<br/>@EVE 1 F","0","0","-","-","0","0","0","0","0","0","0","0","0","0","0","0","0","0","0","0","0","0"
"*057a1*","Gavin Kilkenny","BOU","M","554","FA","BOU 3<br/>@EVE 1 F","0","0","-","-","0","0","0","0","0","0","0","0","0","0","0","0","0","0","0","0","0","0"
"*04gq0*","Nya Kirby","CRY","M","555","FA","TOT 1<br/>@CRY 1 F","0","0","-","-","0","0","0","0","0","0","0","0","0","0","0","0","0","0","0","0","0","0"
"*04yer*","Ali Koiki","BUR","D","556","FA","BHA 2<br/>@BUR 1 F","0","0","-","-","0","0","0","0","0","0","0","0","0","0","0","0","0","0","0","0","0","0"
"*05afh*","Dylan Levitt","MUN","M","561","FA","MUN 2<br/>@LEI 0 F","0","0","-","-","0","0","0","0","0","0","0","0","0","0","0","0","0","0","0","0","0","0"
"*052ci*","Adam Lewis","LIV","M","562","FA","LIV 3<br/>@NEW 1 F","0","0","-","-","0","0","0","0","0","0","0","0","0","0","0","0","0","0","0","0","0","0"
"*05li8*","Alfie Lewis","WHU","M","563","FA","AVL 1<br/>@WHU 1 F","0","0","-","-","0","0","0","0","0","0","0","0","0","0","0","0","0","0","0","0","0","0"
"*059iy*","Ryan Longman","BHA","M","566","FA","BHA 2<br/>@BUR 1 F","0","0","-","-","0","0","0","0","0","0","0","0","0","0","0","0","0","0","0","0","0","0"
"*059j1*","Luis Longstaff","LIV","M","567","FA","LIV 3<br/>@NEW 1 F","0","0","-","-","0","0","0","0","0","0","0","0","0","0","0","0","0","0","0","0","0","0"
"*05m48*","Jacob Maddox","SOU","M","570","FA","SHU 1<br/>@SOU 3 F","0","0","-","-","0","0","0","0","0","0","0","0","0","0","0","0","0","0","0","0","0","0"
"*04vyb*","Giovanni McGregor","CRY","M","572","FA","TOT 1<br/>@CRY 1 F","0","0","-","-","0","0","0","0","0","0","0","0","0","0","0","0","0","0","0","0","0","0"
"*04xoz*","Zech Medley","ARS","D","574","FA","WAT 2<br/>@ARS 3 F","0","0","-","-","0","0","0","0","0","0","0","0","0","0","0","0","0","0","0","0","0","0"
"*05afi*","D'Mani Mellor","MUN","F","575","FA","MUN 2<br/>@LEI 0 F","0","0","-","-","0","0","0","0","0","0","0","0","0","0","0","0","0","0","0","0","0","0"
"*052h1*","Liam Millar","LIV","F","577","FA","LIV 3<br/>@NEW 1 F","0","0","-","-","0","0","0","0","0","0","0","0","0","0","0","0","0","0","0","0","0","0"
"*05m6a*","Joel Mumbongo","BUR","F","578","FA","BHA 2<br/>@BUR 1 F","0","0","-","-","0","0","0","0","0","0","0","0","0","0","0","0","0","0","0","0","0","0"
"*05alx*","James Norris","LIV","D","582","FA","LIV 3<br/>@NEW 1 F","0","0","-","-","0","0","0","0","0","0","0","0","0","0","0","0","0","0","0","0","0","0"
"*059is*","Warren O'Hora","BHA","D","585","FA","BHA 2<br/>@BUR 1 F","0","0","-","-","0","0","0","0","0","0","0","0","0","0","0","0","0","0","0","0","0","0"
"*046yc*","Aiden O'Neill","BUR","M","586","FA","BHA 2<br/>@BUR 1 F","0","0","-","-","0","0","0","0","0","0","0","0","0","0","0","0","0","0","0","0","0","0"
"*05afk*","Owen Otasowie","WOL","M","587","FA","WOL 0<br/>@CHE 2 F","0","0","-","-","0","0","0","0","0","0","0","0","0","0","0","0","0","0","0","0","0","0"
"*0414q*","Adalberto Penaranda","WAT","F","592","FA","WAT 2<br/>@ARS 3 F","0","0","-","-","0","0","0","0","0","0","0","0","0","0","0","0","0","0","0","0","0","0"
"*052k2*","Taylor Perry","WOL","M","594","FA","WOL 0<br/>@CHE 2 F","0","0","-","-","0","0","0","0","0","0","0","0","0","0","0","0","0","0","0","0","0","0"
"*05aff*","Arnau Puigmal Martinez","MUN","M","596","FA","MUN 2<br/>@LEI 0 F","0","0","-","-","0","0","0","0","0","0","0","0","0","0","0","0","0","0","0","0","0","0"
"*05a6i*","Lewis Richards","WOL","D","599","FA","WOL 0<br/>@CHE 2 F","0","0","-","-","0","0","0","0","0","0","0","0","0","0","0","0","0","0","0","0","0","0"
"*058vg*","Lewis Richardson","BUR","M","601","FA","BHA 2<br/>@BUR 1 F","0","0","-","-","0","0","0","0","0","0","0","0","0","0","0","0","0","0","0","0","0","0"
"*058vc*","Haydon Roberts","BHA","D","602","FA","BHA 2<br/>@BUR 1 F","0","0","-","-","0","0","0","0","0","0","0","0","0","0","0","0","0","0","0","0","0","0"
"*052k5*","Austin Samuels","WOL","F","607","FA","WOL 0<br/>@CHE 2 F","0","0","-","-","0","0","0","0","0","0","0","0","0","0","0","0","0","0","0","0","0","0"
"*059j4*","Meritan Shabani","WOL","M","611","FA","WOL 0<br/>@CHE 2 F","0","0","-","-","0","0","0","0","0","0","0","0","0","0","0","0","0","0","0","0","0","0"
"*05l8p*","Matthew Smith","ARS","D","617","FA","WAT 2<br/>@ARS 3 F","0","0","-","-","0","0","0","0","0","0","0","0","0","0","0","0","0","0","0","0","0","0"
"*052jw*","Elias Sorensen","NEW","F","620","FA","LIV 3<br/>@NEW 1 F","0","0","-","-","0","0","0","0","0","0","0","0","0","0","0","0","0","0","0","0","0","0"
"*05g36*","Bayli Spencer-Adams","WAT","D","621","FA","WAT 2<br/>@ARS 3 F","0","0","-","-","0","0","0","0","0","0","0","0","0","0","0","0","0","0","0","0","0","0"
"*059ix*","Jack Spong","BHA","M","622","FA","BHA 2<br/>@BUR 1 F","0","0","-","-","0","0","0","0","0","0","0","0","0","0","0","0","0","0","0","0","0","0"
"*05am0*","Layton Stewart","LIV","F","626","FA","LIV 3<br/>@NEW 1 F","0","0","-","-","0","0","0","0","0","0","0","0","0","0","0","0","0","0","0","0","0","0"
"*050jt*","Nikola Tavares","CRY","D","627","FA","TOT 1<br/>@CRY 1 F","0","0","-","-","0","0","0","0","0","0","0","0","0","0","0","0","0","0","0","0","0","0"
"*04hk8*","Kyle Taylor","BOU","M","628","FA","BOU 3<br/>@EVE 1 F","0","0","-","-","0","0","0","0","0","0","0","0","0","0","0","0","0","0","0","0","0","0"
"*05afc*","Max Taylor","MUN","D","629","FA","MUN 2<br/>@LEI 0 F","0","0","-","-","0","0","0","0","0","0","0","0","0","0","0","0","0","0","0","0","0","0"
"*052k0*","Terry Taylor","WOL","M","630","FA","WOL 0<br/>@CHE 2 F","0","0","-","-","0","0","0","0","0","0","0","0","0","0","0","0","0","0","0","0","0","0"
"*05g37*","Callum Whelan","WAT","M","638","FA","WAT 2<br/>@ARS 3 F","0","0","-","-","0","0","0","0","0","0","0","0","0","0","0","0","0","0","0","0","0","0"
"*05gbu*","Henry Wise","WAT","M","642","FA","WAT 2<br/>@ARS 3 F","0","0","-","-","0","0","0","0","0","0","0","0","0","0","0","0","0","0","0","0","0","0"
"*059iu*","Romaric Yapi","BHA","D","644","FA","BHA 2<br/>@BUR 1 F","0","0","-","-","0","0","0","0","0","0","0","0","0","0","0","0","0","0","0","0","0","0"
"*05lq4*","Jack Young","NEW","M","645","FA","LIV 3<br/>@NEW 1 F","0","0","-","-","0","0","0","0","0","0","0","0","0","0","0","0","0","0","0","0","0","0"
"*03dyp*","Riyad Mahrez","MCI","M,F","10","Ryan C","NOR 0<br/>@MCI 5 F","-0.5","-0.5","0%","0%","1","0","0","0","0","0","1","0","0","0","0","0","0","0","0","0","0","0"
"*03yr0*","Daniel James","MUN","M","130","FA","MUN 2<br/>@LEI 0 F","-1","-1","18%","0%","1","0","0","0","0","0","2","0","0","0","0","0","1","0","0","0","0","0"
"*03aoj*","Nemanja Matic","MUN","M","235","FA","MUN 2<br/>@LEI 0 F","-1.5","-1.5","0%","0%","1","0","0","0","0","0","1","1","0","0","0","0","1","2","0","0","0","0"
"*04u6j*","Martin Montoya","BHA","D","205","BUK","BHA 2<br/>@BUR 1 F","-2","-2","0%","0%","1","0","0","0","0","0","0","0","0","0","0","0","0","0","0","0","1","0"
"*04qfz*","Diogo Dalot","MUN","D","421","FA","MUN 2<br/>@LEI 0 F","-2.5","-2.5","83%","-2%","1","0","0","0","0","0","1","0","0","0","0","0","0","0","0","0","1","0"
"*03r8i*","Steve Cook","BOU","D","228","Tim O","BOU 3<br/>@EVE 1 F","-4","-4","0%","0%","1","0","0","0","0","0","0","0","0","1","0","2","0","0","1","0","0","0"
"*02oq7*","Jack Stephens","SOU","D","200","FA","SHU 1<br/>@SOU 3 F","-4.5","-4.5","0%","0%","1","0","0","0","0","0","0","0","0","0","0","0","2","0","1","0","3","0"
"*04mqv*","Emerson","CHE","D","306","BUK","WOL 0<br/>@CHE 2 F","-5","-5","0%","0%","1","0","0","0","0","0","0","1","0","0","0","0","0","0","0","0","1","0"
"*03278*","Fernandinho","MCI","M","292","FA","NOR 0<br/>@MCI 5 F","-8.5","-8.5","0%","0%","1","0","0","0","0","0","0","0","0","0","0","0","0","0","1","1","2","0"
